Date,Input 1,Input 2,Share price
41353.0,-0.002404148035391536,0.022147568622005568,52.555
41354.0,-0.042978048973769806,0.024495802448103066,50.476
41355.0,-0.07165559540304836,0.02821354520317943,49.076
41358.0,-0.09104950577290473,0.03273529208146604,48.156
41359.0,-0.056795837023915274,0.034498075348637865,49.676
41360.0,-0.046679703088834144,0.03570573700391015,50.116
41361.0,-0.061694829402706965,0.03760732292988787,49.356
41366.0,-0.07782807480023086,0.040117943409731675,48.556
41367.0,-0.07637017052475494,0.04247150658515864,48.556
41369.0,-0.10016527531832353,0.04567888688936965,47.436
41372.0,-0.08048449290985984,0.04763441223608467,48.236
41373.0,-0.05142297439211547,0.0482997791007969,49.516
41374.0,-0.04298400032079557,0.048776790923665374,49.876
41375.0,-0.03815560348270641,0.049068502930133484,50.076
41376.0,-0.038960916873349884,0.04933224897984408,49.996
41379.0,-0.054872347345312496,0.049806510552137945,49.196
41380.0,-0.05996218006378266,0.050524518905319914,48.916
41381.0,-0.03709716777342181,0.05067416770968634,49.996
41382.0,-0.048804717210130355,0.051032251327039674,49.436
41383.0,-0.025035773578939113,0.05080291508621629,50.596
41386.0,-0.017128990509059316,0.05045355847017732,50.996
41387.0,-0.030620876063279793,0.050377700874189496,50.316
41388.0,-0.019072450664360207,0.05016717858263883,50.876
41389.0,-0.01425639721417935,0.05007302111656216,51.116
41390.0,-0.0012147890723041067,0.04988813144785906,51.795
41393.0,0.009853802843783035,0.049458354980407244,52.395
41394.0,0.0250042265426882,0.049258761299086025,53.235
41396.0,0.050024874256973,0.04941646201616774,54.675
41397.0,0.040954331580404145,0.049218579373311824,54.195
41400.0,0.05314766627240468,0.04924436515518714,54.955
41401.0,0.0534194603434177,0.04929252105254462,55.035
41402.0,0.05046253300555401,0.049164859804804784,54.915
41403.0,0.04692101177974608,0.049324255174787154,54.755
41404.0,0.05631957366091579,0.050006554205673896,55.355
41407.0,0.0276584503767092,0.050147760719991365,53.755
41408.0,0.030625335928088165,0.050265488925721274,53.955
41409.0,0.04609749430523896,0.05070404276580286,54.875
41410.0,0.10286318131256939,0.05267880400051555,58.435
41414.0,0.1508722424242423,0.0566939965568751,61.875
41415.0,0.13399177563944373,0.059353830365298975,60.795
41416.0,0.12939087383447445,0.06161015160199565,60.595
41417.0,0.09757749124754458,0.06249942505589262,58.555
41418.0,0.11578889352818332,0.06390573064568926,59.875
41421.0,0.11698160632542631,0.0650213000281409,60.075
41422.0,0.12611292841291974,0.06661015478987278,60.835
41423.0,0.12254121716215063,0.06819304564670683,60.715
41424.0,0.1326374786776049,0.07006675379683552,61.555
41425.0,0.13072715457720688,0.07188381918883636,61.555
41428.0,0.11602721200626646,0.07322755363722211,60.635
41429.0,0.11516621343222026,0.07451744447597519,60.675
41430.0,0.1049573033707859,0.07535572780274181,60.075
41431.0,0.1028753227284078,0.07617905045155886,60.035
41432.0,0.10020398632307509,0.0763880651325787,59.955
41435.0,0.11442188908003531,0.07614945732972235,61.035
41436.0,0.11157329177261857,0.07508717652952078,60.955
41438.0,0.08925799680967109,0.07441224941376805,59.555
41439.0,0.09681273377109081,0.07397614951524187,60.155
41442.0,0.09599086302849019,0.07302594193027873,60.195
41443.0,0.09367661981202666,0.0713824035273265,60.115
41444.0,0.08957639989985769,0.06953465753556347,59.915
41445.0,0.05940156801929832,0.06627287881494794,58.035
41446.0,0.04431055900621093,0.06358608028052036,57.155
41449.0,0.019265368392712732,0.062014649007936525,55.715
41450.0,0.03536956329951442,0.060505558280724445,56.675
41451.0,0.057948687042617034,0.05899360985871036,58.075
41452.0,0.0803319620518845,0.057422818562190704,59.555
41453.0,0.09848557573765085,0.055251924450626565,60.835
41457.0,0.09016933145555447,0.0524899501061091,60.355
41458.0,0.08009656095724205,0.0504043564845786,59.755
41459.0,0.10177348021215833,0.04773975161530276,61.275
41460.0,0.10630839075800569,0.04594347552299041,61.675
41463.0,0.0874637453493181,0.04409352238186228,60.475
41464.0,0.08324131065947751,0.04138621296636264,60.275
41465.0,0.0910483778234087,0.03901229185962936,60.875
41466.0,0.10851854235379296,0.03677876888399296,62.155
41467.0,0.10437527237511116,0.03487730705414886,61.955
41470.0,0.1351460932881104,0.0338858493190923,64.274
41471.0,0.15549610334475553,0.034011862619831926,65.954
41472.0,0.15434130375488703,0.034696295559773556,65.994
41473.0,0.14705448942856308,0.03475913988033052,65.554
41474.0,0.16067381729933827,0.035484138265148756,66.754
41477.0,0.1430843789113779,0.03554717237125242,65.514
41478.0,0.15391707009050726,0.035738329215112184,66.514
41479.0,0.14731762251715702,0.03552553813357515,66.154
41480.0,0.15448245955079715,0.03566667294043887,66.874
41481.0,0.18373017243861026,0.03569814183544503,69.474
41484.0,0.18653889063706858,0.03571463485593721,69.914
41485.0,0.2152500206287649,0.03747965080160241,72.714
41486.0,0.18672001591949314,0.038830454334544136,70.354
41487.0,0.20420597942147173,0.04050131517386871,72.114
41488.0,0.20106227614737532,0.04215473710788011,72.034
41491.0,0.22185796695150597,0.04460494185492147,74.194
41492.0,0.2289503814253193,0.04706525014851933,75.113
41493.0,0.19381070050254073,0.04812754829819621,72.034
41494.0,0.18302564750119266,0.04884115283139012,71.274
41495.0,0.18309567115314676,0.0495267479874006,71.474
41498.0,0.20283896344285074,0.050691036652562145,73.474
41499.0,0.20585182582371553,0.05187252200203988,73.994
41501.0,0.19868752887463656,0.05279340159725022,73.594
41502.0,0.19269743841558212,0.05347715342901607,73.314
41505.0,0.19764743226085318,0.0542178323014508,74.034
41506.0,0.18091394895183657,0.05447368527600203,72.794
41507.0,0.16862891352057116,0.054487688162396644,71.994
41508.0,0.16531780426146644,0.05439932549945366,71.994
41509.0,0.1524455406582907,0.05434292468399779,71.154
41512.0,0.15184474591473518,0.05424613360329038,71.354
41513.0,0.160846893388955,0.05386796049738777,72.394
41514.0,0.14399823118173907,0.05351485781625175,71.234
41515.0,0.15395955994139912,0.05315508740642722,72.354
41516.0,0.15467186511538342,0.05272839068401157,72.714
41519.0,0.17981799582851746,0.05240297752331809,75.273
41520.0,0.18368030229220694,0.05121621292491759,75.953
41521.0,0.17853759582019446,0.049217473906230026,75.793
41522.0,0.193226039503051,0.0458817856944998,77.513
41523.0,0.18843512979210003,0.04290714406482614,77.393
41526.0,0.19180497739295257,0.040797804063245444,78.073
41527.0,0.20535661022896737,0.039707810013446754,79.793
41528.0,0.20789539119515607,0.03918085614553078,80.433
41529.0,0.2242254067084173,0.03863794772310036,82.553
41530.0,0.21660694070819048,0.037243575557957806,82.153
41533.0,0.23200574596654502,0.03700120372120243,84.233
41534.0,0.22361193031891385,0.03650260819272036,83.753
41535.0,0.18828923986927268,0.034396020705624024,80.473
41536.0,0.19995648092840654,0.03190009315194192,82.033
41540.0,0.19433052680458943,0.029441210931029846,81.833
41541.0,0.17762932694099065,0.027608832362972003,80.513
41542.0,0.1881836826877296,0.02532190482110541,81.913
41543.0,0.1836772095411586,0.02437369482324484,81.793
41544.0,0.19735892188191928,0.02409230366453358,83.553
41547.0,0.1724085159735965,0.023763325735891114,81.353
41549.0,0.1853935874109863,0.023125935667109198,82.993
41550.0,0.19124974688218382,0.022848569354433097,83.953
41551.0,0.18662352534204898,0.02198382416069325,83.833
41554.0,0.17935864705811838,0.021488642349075004,83.433
41555.0,0.19262204641226374,0.020693229165289075,85.193
41556.0,0.16533624158640753,0.02038540469811203,82.753
41557.0,0.15388442155869805,0.020964042358458626,81.953
41558.0,0.16943790054061794,0.021133038003329444,83.793
41562.0,0.17228705558782728,0.020888943976041744,84.353
41563.0,0.16871536553819097,0.021051805959542272,84.273
41564.0,0.16355205693001523,0.021157675749704768,84.033
41565.0,0.17903946388682027,0.02107343930792011,85.952
41568.0,0.20872822494193302,0.02070099057147745,89.552
41569.0,0.19007263867383162,0.019765088063486605,87.832
41570.0,0.17019818207178702,0.019825706607980494,86.032
41571.0,0.1645689896445563,0.020017219973280934,85.752
41572.0,0.15670385883401955,0.02037769648715669,85.233
41575.0,0.16704741777531387,0.02031226831511425,86.592
41576.0,0.13523585864018262,0.021096490322558968,83.673
41577.0,0.15288664364383048,0.02131729913408002,85.712
41578.0,0.13918495149646104,0.022008190521287992,84.633
41579.0,0.13506632115769177,0.022704111624361867,84.513
41582.0,0.12022218756373486,0.024104969436526003,83.353
41583.0,0.10695056646388089,0.026004891054023288,82.353
41584.0,0.10478220237156066,0.027810574098694616,82.393
41585.0,0.09198311096927819,0.029977630683073735,81.473
41586.0,0.07590298107707437,0.032821073973858535,80.273
41589.0,0.09524862281565803,0.03450556504225278,82.233
41590.0,0.08773122394336935,0.036230424436504365,81.793
41591.0,0.04725102849209695,0.04002928226375319,78.513
41592.0,0.08652928073229228,0.04157124030066503,82.153
41593.0,0.10249973186514609,0.042461083866379125,83.913
41596.0,0.1125242684258095,0.04298667182385151,85.193
41597.0,0.09446015776974204,0.043986642861335856,83.793
41598.0,0.0913909276431206,0.04482270580827359,83.793
41599.0,0.09448318376347012,0.04553631134145112,84.353
41600.0,0.09761944578568647,0.046032511103348925,84.913
41603.0,0.12210921088683917,0.0457167624172985,87.592
41604.0,0.11693770596850987,0.04535355552893255,87.392
41605.0,0.12268273065071605,0.044356754457668034,88.272
41606.0,0.12085120825414056,0.043518772936256285,88.392
41607.0,0.13014441520206976,0.04192079486736399,89.672
41610.0,0.13788906993130168,0.04046307917851161,90.832
41611.0,0.12236432463819923,0.0401001981604872,89.552
41612.0,0.11106051041572748,0.039529241663466386,88.712
41613.0,0.12020221896122384,0.038919112661214623,89.952
41614.0,0.1366993869032091,0.038556318072482824,91.992
41617.0,0.13831289471407562,0.03792663782075358,92.472
41618.0,0.14241558692294498,0.03738238149385931,93.232
41619.0,0.15450217043155773,0.03648794126214477,94.912
41620.0,0.1386183028072578,0.036136623309019934,93.472
41621.0,0.13342790029174537,0.03545093220202245,93.232
41624.0,0.1429187457713127,0.034559793122587994,94.592
41625.0,0.12677119117141886,0.033755671492529164,93.152
41626.0,0.1265456160630192,0.033114207222121855,93.432
41627.0,0.1176322882525444,0.032021267621696006,92.752
41628.0,0.11479258348433863,0.03170716690518241,92.712
41631.0,0.11939667351656813,0.03154772981206488,93.432
41632.0,0.12064849944581806,0.03103224312115325,93.832
41635.0,0.14359125341501786,0.030468874905544386,96.632
41638.0,0.16261399279886235,0.030315288729289253,99.151
41639.0,0.15808322633478575,0.030194112947445007,98.911
41641.0,0.17205092624713814,0.029969376854955942,100.891
41642.0,0.151742770090393,0.027853033727359214,98.791
41645.0,0.15167287183057404,0.026575844766349953,99.111
41646.0,0.14615987286291274,0.02596873643676344,98.791
41647.0,0.15625639389376927,0.025738993899020356,100.291
41648.0,0.13921290990049828,0.02541724107867773,98.591
41649.0,0.14422665902624907,0.024843326110616074,99.471
41652.0,0.1402301859814122,0.024899032576002945,99.311
41653.0,0.1314605795660863,0.02457906215057585,98.591
41654.0,0.15509592785988943,0.024881363900640965,101.691
41655.0,0.1587153018313805,0.025312108419725754,102.491
41656.0,0.18176328799236247,0.02655196719621883,105.791
41659.0,0.16523570721772285,0.02698949936173094,104.091
41660.0,0.1612945351039995,0.027234119558318323,103.991
41661.0,0.16930487423024748,0.027356572546419995,105.391
41662.0,0.15817110670460124,0.026562550170653905,104.391
41663.0,0.1201033026918587,0.02612056109139191,100.191
41666.0,0.09667521533447097,0.02585053910532113,97.871
41667.0,0.11858436639460779,0.022969246271123834,100.591
41668.0,0.16377456739761842,0.022388820026605534,106.391
41669.0,0.17843564265341813,0.022745057107891684,108.69
41674.0,0.12292356818916446,0.022577127117436153,102.091
41675.0,0.12050435395872305,0.02190031985609586,102.091
41676.0,0.11472234514362135,0.021167778729655286,101.691
41677.0,0.13933750274094062,0.020275073806067457,104.891
41680.0,0.15139674386780488,0.0195188635366285,106.691
41681.0,0.1435809644215073,0.019377762805432654,105.991
41682.0,0.15395256108782301,0.019210337260172638,107.591
41683.0,0.1548863331203524,0.01915316328251461,107.991
41684.0,0.16561181511532475,0.019245935251432096,109.69
41687.0,0.20786955772049312,0.02128366998140842,115.99
41688.0,0.21098656856873987,0.023285655736282794,116.89
41689.0,0.2053021718602454,0.02456022856473272,116.49
41690.0,0.17709168216848253,0.024407286588235454,112.89
41691.0,0.19683099319493497,0.025039964469312226,116.09
41694.0,0.19043290942123023,0.02563285134780975,115.59
41695.0,0.18417560170301503,0.02601220483281406,115.09
41696.0,0.1957368376141309,0.026721585439891265,117.19
41697.0,0.23225462125574867,0.028985808911434964,123.289
41698.0,0.23639903927254616,0.031130584408629192,124.489
41701.0,0.20735715057023485,0.03179630059398107,120.389
41702.0,0.21775800275943172,0.03284538409960794,122.489
41703.0,0.22716866550458295,0.03390230543995864,124.489
41704.0,0.23889974722220061,0.035281651613278606,126.989
41705.0,0.22996676950408054,0.03591954369451545,126.089
41708.0,0.20927511781261915,0.03572513736089706,123.289
41709.0,0.20738656884418866,0.03552177942312904,123.489
41710.0,0.1839769414149134,0.03492200849278696,120.389
41711.0,0.1616993791989117,0.03474375177251462,117.59
41712.0,0.12364438336731998,0.035332252657281724,112.79
41715.0,0.09377317229389694,0.0368519702434654,109.29
41716.0,0.14076382039968863,0.03704213685698133,115.59
41717.0,0.12244523746585616,0.03751287507791095,113.49
41718.0,0.10518800967828676,0.038439928873630874,111.59
41719.0,0.1252979299502141,0.03876321850440771,114.49
41722.0,0.14428298832950012,0.03885606335133683,117.39
41723.0,0.09810376936162583,0.03982036265509014,111.69
41724.0,0.088513674519361,0.04112741657947126,110.79
41725.0,0.029828556634800694,0.04508144214324624,104.291
41726.0,0.052210653232514816,0.04742948191022866,106.991
41729.0,0.05784254479057581,0.04952234988318779,107.891
41730.0,0.0952730499600675,0.050286616173118984,112.69
41731.0,0.0893877460147833,0.05101431041132007,112.29
41732.0,0.06184628053801812,0.05261324262842146,109.29
41733.0,0.021077997161661553,0.055721193267988633,104.991
41736.0,-0.02659839865989956,0.06086756389069562,100.291
41737.0,-0.012450167335682046,0.06475048373679586,101.891
41738.0,0.012127690059317572,0.06722080173014912,104.691
41739.0,0.07873070432542864,0.06750136980805234,112.59
41740.0,0.01004381327923353,0.06986579357915937,104.991
41743.0,0.010024907073799222,0.07201798397923072,105.191
41744.0,-0.011042145148317164,0.07457668898132255,103.191
41745.0,-0.002343730523247396,0.07688618823751922,104.291
41746.0,0.00331322377748797,0.07886701195860195,105.091
41751.0,-0.000491843914158279,0.08083879931762696,104.891
41752.0,0.006299401650424105,0.08247434352593956,105.791
41753.0,0.011037834183170463,0.08379510073289795,106.491
41754.0,-0.00753417199186173,0.08556008555996526,104.691
41757.0,-0.03856535976635117,0.08806211873615331,101.691
41758.0,-0.03772600131513091,0.09029749305076361,101.891
41759.0,-0.09480234290918103,0.09427528271286907,96.632
41761.0,-0.06881055000958915,0.09608297455355938,99.071
41764.0,-0.07588106911918485,0.09771388105112844,98.511
41766.0,-0.11906999324552524,0.10072089681995114,94.752
41767.0,-0.1198297998141734,0.10387778209823599,94.712
41768.0,-0.10800944105606143,0.10577978655161714,95.752
41771.0,-0.05336498298459144,0.10592724195782978,100.791
41772.0,-0.046747987506281084,0.10585602612790593,101.491
41773.0,-0.034416339951940884,0.10506603062060059,102.791
41774.0,0.02119431933082108,0.10227734081984659,108.79
41775.0,-0.0010541735921343384,0.09926905341251531,106.491
41778.0,0.007838480913831224,0.09690774027668632,107.591
41779.0,0.044309321655197416,0.09381064984655374,111.89
41780.0,0.040902408451965584,0.09009702939077942,111.69
41781.0,0.04428364057351541,0.08553364776215726,112.29
41782.0,0.03237042037987268,0.08095833759386958,111.09
41785.0,0.03340021545919792,0.07693919802853406,111.39
41786.0,0.03207532094442994,0.07262358421578538,111.39
41787.0,0.04706046429517205,0.06911146820434795,113.29
41788.0,0.01569077329447152,0.06622694367133664,109.79
41789.0,0.010419068533260134,0.06457459011214654,109.29
41793.0,0.033098580230377726,0.06370752049187044,111.99
41794.0,0.007380895686418044,0.06121461531073013,109.19
41795.0,-0.000821839451614946,0.05926555448926286,108.391
41796.0,-0.0034021314157369094,0.057781934453636025,108.191
41799.0,0.01727941043493981,0.055395954862444925,110.59
41800.0,0.041155520310159316,0.05209564817692332,113.49
41801.0,0.06357891571440849,0.05108553391235449,116.39
41802.0,0.05562730339994804,0.050210771576345514,115.59
41803.0,0.058454388836247546,0.05065886106331971,116.09
41806.0,0.06128295737198709,0.050843732466091966,116.59
41807.0,0.052314127519681335,0.05073486901593262,115.59
41808.0,0.05616662363370302,0.04962692129531033,116.19
41809.0,0.0518871232403484,0.04860760018511068,115.79
41810.0,0.05098903186803637,0.048370216631098736,115.79
41813.0,0.03683361064891796,0.04853604374012141,114.19
41814.0,0.04142257811819964,0.04862378774040188,114.89
41815.0,0.041592232166130366,0.04882555194396749,115.09
41816.0,0.06680344623701269,0.04955744913806057,118.39
41817.0,0.06578993158205908,0.04921518462339141,118.39
41820.0,0.06340527963448661,0.04984816916675177,118.19
41822.0,0.09679930612676987,0.051380568421693924,122.789
41823.0,0.10874984962586873,0.05312780971341922,124.689
41824.0,0.10972931272933618,0.05481698123246837,125.089
41827.0,0.11022458110360521,0.05641643906102599,125.389
41828.0,0.1080299946523634,0.057803266400381234,125.289
41829.0,0.07659927881243288,0.05834601399808051,121.189
41830.0,0.08296172323204173,0.0589975445794215,122.189
41831.0,0.07731809620936074,0.05936828986714518,121.589
41834.0,0.08526855011442357,0.059340879336111804,122.789
41835.0,0.09202796694375082,0.05936957474092342,123.789
41836.0,0.09508532533047921,0.057452401304329624,124.289
41837.0,0.08865623658787389,0.05617125498881688,123.489
41838.0,0.08339298065734085,0.05430375570600757,122.889
41841.0,0.0723858950193019,0.04966934571430457,121.489
41842.0,0.09113700650339641,0.04448261643664792,124.089
41843.0,0.09185937613143533,0.0391661654470722,124.289
41844.0,0.09273204861473663,0.036760225799523566,124.489
41845.0,0.09550977267813802,0.034410510778768263,124.889
41848.0,0.12323875582865873,0.03326446998950733,128.889
41849.0,0.13255811456487904,0.03441813608696886,130.389
41850.0,0.11926406151499355,0.03424192944815913,128.489
41851.0,0.1182743069889167,0.03418869417138816,128.389
41852.0,0.11680503007278312,0.03481413484695531,128.189
41855.0,0.12340152799386926,0.03551597572509114,129.189
41856.0,0.15086846757760994,0.037188863371997345,133.488
41857.0,0.1463272831256397,0.038284375436028015,132.888
41858.0,0.11510838809250998,0.038332408987923304,128.289
41859.0,0.12439536478438071,0.038495875202789236,129.789
41862.0,0.13946215832123857,0.039285439696068784,132.288
41863.0,0.14411792509453208,0.03935689654505958,133.288
41864.0,0.14215402288494441,0.03901571166172323,133.188
41865.0,0.12044231257062477,0.03871283224944986,130.089
41866.0,0.1203572826562486,0.037430669630460184,130.289
41869.0,0.10900185574854976,0.03540616469100967,128.789
41870.0,0.11491151022043457,0.03304590485281297,129.789
41871.0,0.1274662592502729,0.03170071318556791,131.888
41872.0,0.11793861763423079,0.030994305364617458,130.689
41873.0,0.1159187077718858,0.03080852998276648,130.689
41876.0,0.10803165137261228,0.030313644502527624,129.789
41877.0,0.10361267186545996,0.029827597901938188,129.389
41878.0,0.09540809570913389,0.0293745788276793,128.389
41879.0,0.08994796109211267,0.028659539654686112,127.789
41880.0,0.07923511135355639,0.028146378360464946,126.489
41883.0,0.07825632558911112,0.027488410082215614,126.589
41884.0,0.0696354494028909,0.026941576227195462,125.689
41885.0,0.09342194618258297,0.025391938052429622,129.289
41886.0,0.0922137894256852,0.023942765204339713,129.389
41887.0,0.08320635440294924,0.022490348863072256,128.289
41890.0,0.06553688267810799,0.02253214136369273,126.089
41892.0,0.032752953135118446,0.024055433869246284,121.989
41893.0,0.032781346929756046,0.02539932253881507,122.189
41894.0,0.036777417018609995,0.026988334044375173,122.889
41897.0,0.03919765943479523,0.028307380686301543,123.389
41898.0,0.018808156113365365,0.030434001641699966,120.989
41899.0,0.041081063642742346,0.03139111705006004,123.989
41900.0,0.03116324487952524,0.032640544514842496,122.889
41901.0,0.04732556374761347,0.03322038536105121,125.189
41904.0,0.013466623723046616,0.035068206782749,121.089
41905.0,-0.006210194297249479,0.03766605768132167,118.89
41906.0,-0.011451683686387031,0.04031686670951481,118.49
41907.0,-0.018195775723131608,0.043035443201887326,117.89
41908.0,-0.0319760494463043,0.04613772844847227,116.49
41911.0,-0.04181391123799611,0.049416826492832605,115.59
41912.0,-0.04451510953329274,0.05250349172913206,115.49
41915.0,-0.041757306664367354,0.05518471400037205,115.99
41918.0,-0.011132258334029331,0.05651884471265082,119.69
41919.0,-0.013491178192156074,0.05781667284174783,119.59
41920.0,-0.02422482909950174,0.05933273251603273,118.49
41921.0,-0.030209517346678556,0.06088829154181583,117.89
41922.0,-0.05059547065433441,0.06261004064407696,115.69
41925.0,-0.0631294693592092,0.06437084248348904,114.39
41926.0,-0.07263762236528741,0.06649221937942179,113.39
41927.0,-0.06349663432118129,0.06802867170102431,114.39
41928.0,-0.07673581732896662,0.06983134275499168,112.99
41929.0,-0.07974425414854859,0.07135184564278602,112.69
41932.0,-0.0648821419196775,0.07142116477065498,114.29
41933.0,-0.055077389721812586,0.07110605886064736,115.39
41934.0,-0.02108626037387837,0.07071152143984179,119.29
41935.0,-0.019344259553473974,0.06995414038024969,119.59
41936.0,-0.021050966608084185,0.06864816837824514,119.49
41939.0,-0.0336724532136503,0.0672072480104422,118.09
41940.0,-0.017373531297620714,0.06537833390057071,120.089
41941.0,-0.005089613687350401,0.06397773281747313,121.689
41942.0,-0.004564234672529597,0.062445859993679756,121.889
41943.0,0.008202024452014631,0.061085590593092216,123.589
41946.0,0.008972445047621628,0.059431503039517115,123.789
41947.0,-0.00042628108469360774,0.057198318193329774,122.689
41948.0,0.009385590657235909,0.05513523801530072,123.989
41949.0,0.005572664233872091,0.052987862482769384,123.589
41950.0,0.0010052076140030645,0.0509907184127674,123.089
41953.0,0.020866901638170465,0.04906923533689221,125.689
41954.0,0.03455431110832459,0.04750045729575529,127.589
41955.0,0.04547415027595236,0.04624804813268763,129.189
41956.0,0.046627667214975854,0.0453656951488003,129.489
41957.0,0.06262730498604883,0.0448810675231743,131.888
41960.0,0.04120258116493269,0.04417395568363958,129.089
41961.0,0.015198546772770409,0.04216977738782709,125.789
41962.0,0.0036323147545201918,0.03998955459964205,124.389
41963.0,0.013357016127107312,0.03811268053457864,125.689
41964.0,0.0009569285524482171,0.03677608171498483,124.189
41967.0,0.011091330714245999,0.036441535171444904,125.489
41968.0,0.004746529365060309,0.03604551670766076,124.689
41969.0,0.012617174136161514,0.03561336612974302,125.689
41970.0,0.007905091574798713,0.03505647455201523,125.089
41971.0,-0.0007916831331809975,0.03486139719243567,123.989
41974.0,-0.03150046970213387,0.03426995787793447,120.289
41975.0,-0.037312233464336486,0.033964835452235796,119.59
41976.0,-0.053727419491885774,0.03341672894585837,117.69
41977.0,-0.04888053134783005,0.033557007522052464,118.19
41978.0,-0.042292875767516294,0.0337574145994998,118.89
41981.0,-0.04444902605615997,0.03399835217862251,118.59
41982.0,-0.06904067708783153,0.03480281838093344,115.79
41983.0,-0.07117698502034833,0.035566891158311,115.49
41984.0,-0.09030108475174185,0.03685005495700567,113.39
41985.0,-0.0865093675785031,0.037894591643002115,113.69
41988.0,-0.10288015014746632,0.039544987745168854,111.89
41989.0,-0.14117176431369302,0.04296399988788752,107.991
41990.0,-0.16857376223988788,0.047511042451521754,105.291
41991.0,-0.09813486459915992,0.04856407903165901,111.89
41992.0,-0.06079453712507566,0.04878423949631472,115.69
41995.0,-0.08477148420214199,0.04932854782591745,112.99
41996.0,-0.08531199574430377,0.049732066159832715,112.79
41997.0,-0.08489972490904293,0.04997439040849132,112.69
42002.0,-0.07680888967281081,0.05018913044152868,113.39
42003.0,-0.07597652043428413,0.05017506669937303,113.29
42004.0,-0.08181527246866416,0.05021705516667408,112.49
42006.0,-0.0775637024558918,0.05042462933507676,112.79
42009.0,-0.06948118776984791,0.050606966445133614,113.49
42010.0,-0.010529548541949794,0.050667571686818014,119.989
42011.0,0.025931231861338236,0.05125551764611434,124.389
42012.0,0.048586680702967164,0.052395960165094034,127.289
42013.0,0.04806665670773397,0.053457940193379655,127.189
42016.0,0.047569419855376875,0.0544412991101126,127.089
42017.0,0.05286487882368569,0.05546281594244646,127.789
42018.0,0.03963480938812106,0.05611367571803796,125.989
42019.0,0.04684046686474004,0.05680147422828717,126.889
42020.0,0.00846294579494452,0.05679589967894843,121.889
42023.0,0.01795721568595565,0.056995870472905864,122.989
42024.0,0.027121985026876065,0.057244769316987874,124.089
42025.0,0.061951992788816634,0.05831539032823572,128.689
42026.0,0.08237491260601283,0.06000544442239049,131.588
42027.0,0.0896129265645727,0.061666942689114254,132.688
42030.0,0.11742320495225883,0.0641120192968456,136.988
42031.0,0.11024193311174546,0.06596822828436921,135.988
42032.0,0.11527372742680177,0.06791628697493149,136.888
42033.0,0.09976075132998512,0.06893858480344331,134.588
42034.0,0.0818302421432254,0.06980245557588557,131.988
42037.0,0.10697278109995036,0.07167130925304614,135.788
42038.0,0.1016791276797348,0.07334085745657701,135.088
42039.0,0.09273900573613778,0.07463658473514564,133.888
42040.0,0.10050189365920058,0.07612386362012763,135.188
42041.0,0.0929565982055027,0.07731531203852637,134.188
42044.0,0.08131708751923267,0.07820709551722617,132.588
42045.0,0.08317803110055061,0.07908109033320751,132.988
42046.0,0.07284623217922617,0.07973298692330748,131.588
42047.0,0.05802722453294667,0.08012865437471242,129.589
42048.0,0.061984422647074815,0.08040852615533454,130.189
42051.0,0.06342059483941205,0.08060680386372154,130.489
42052.0,0.06465910741729065,0.080553525840977,130.789
42053.0,0.05730054123135934,0.08041445572045883,129.889
42058.0,0.09031019081817404,0.08081538097459773,134.788
42059.0,0.09095367464171523,0.08110982942302114,135.088
42060.0,0.09415242878604932,0.08091561006553823,135.788
42061.0,0.09133396760775314,0.08049309212738538,135.588
42062.0,0.09187573590015345,0.07943775196237902,135.888
42065.0,0.09594719360880283,0.07838315813927846,136.688
42066.0,0.08543144994382397,0.0764427909448326,135.288
42067.0,0.07059802832963237,0.07243912219301075,133.288
42068.0,0.06107965901520214,0.06626977163331554,132.088
42069.0,0.05701286373853358,0.06321473241572642,131.688
42072.0,0.05923328895209867,0.061417283971711825,132.188
42073.0,0.049996109513384235,0.05845992795842037,131.089
42074.0,0.0530037664783428,0.05518806238806252,131.688
42075.0,0.05229596017846858,0.05158738592875467,131.788
42076.0,0.06350121268377391,0.048030681503374716,133.588
42079.0,0.07574431365607567,0.044114860858848436,135.588
42080.0,0.061934104702963,0.03912935661865211,133.788
42081.0,0.07520943718356285,0.03355335677718407,135.888
42082.0,0.13149516853235108,0.02869711079946551,144.987
42083.0,0.11526292535136183,0.026938192782102518,142.588
42086.0,0.1292342978365832,0.02720695761388513,145.187
42087.0,0.11423528013036148,0.027480348650552464,142.987
42088.0,0.1109013435001087,0.027594755303026176,142.687
42089.0,0.09756648293888709,0.02739417092444572,140.788
42090.0,0.1032730040595401,0.027357393533092522,141.888
42093.0,0.11917601443115143,0.027302899462993552,144.687
42094.0,0.13247256890893902,0.02778142895288887,147.187
42095.0,0.13554068938487834,0.026656783691142043,147.987
42096.0,0.144179935508422,0.026134487962807946,149.787
42102.0,0.16817905829654456,0.027036519221328464,154.486
42103.0,0.19413419561437514,0.03037183369127858,159.886
42104.0,0.20148449185961692,0.03390294944168759,161.786
42107.0,0.23980649323987444,0.039453725038508164,170.485
42108.0,0.19398359659027453,0.041590486213556196,161.186
42109.0,0.17393969007399132,0.04284459602840436,157.586
42110.0,0.18440044753915943,0.04436658279947923,159.986
42111.0,0.1761586034033225,0.04554594826279807,158.786
42114.0,0.14361467662178995,0.04576539163620003,153.087
42115.0,0.17380894610462255,0.04676265516254706,159.086
42116.0,0.1897249917018061,0.04818361298107636,162.686
42117.0,0.17845946819487082,0.049117510991395615,160.886
42118.0,0.17973500179471,0.050057163613534385,161.586
42121.0,0.1825107327814204,0.050956629032692796,162.586
42122.0,0.1851547198415513,0.051723993139125936,163.586
42123.0,0.18568422398986514,0.05243815953859415,164.186
42124.0,0.16645811319816511,0.05248958011126836,160.886
42128.0,0.14872722899497415,0.05191129363668986,157.986
42129.0,0.14403474927975846,0.05131667615223148,157.586
42130.0,0.1328317925967715,0.050633921855020865,155.986
42131.0,0.11360396635008205,0.04994826869445111,152.987
42132.0,0.11706157013254383,0.04902463353536401,153.987
42135.0,0.13996821913662005,0.04879402828666356,158.586
42136.0,0.1285594893812189,0.048522065802440305,156.986
42137.0,0.12468000969474333,0.048287418636757035,156.786
42138.0,0.146151060848431,0.04805725204762765,161.286
42139.0,0.14830706283967832,0.04782524432195078,162.286
42142.0,0.13866636455061288,0.04758145237751348,161.086
42143.0,0.13679166718302715,0.04713181545138552,161.386
42144.0,0.1186063082491521,0.04634680679864337,158.586
42145.0,0.10586621254448762,0.04536520751794712,156.786
42146.0,0.11424420288942382,0.04410904301221247,158.786
42150.0,0.11134747395866151,0.04289898702685583,158.786
42151.0,0.10341930253474048,0.041374416738208415,157.886
42152.0,0.0851268800020622,0.04029503652386337,155.186
42153.0,0.08534190614441908,0.03913866258989577,155.686
42156.0,0.08489281549914816,0.038425507377809746,156.086
42157.0,0.08847238303665741,0.038045556692951794,157.186
42158.0,0.09084080816770651,0.037072769289741285,158.086
42159.0,0.08671675560569402,0.036704553813019576,157.786
42160.0,0.0664553999715558,0.03811222191713966,154.686
42163.0,0.06707085101169723,0.039287272491601896,155.086
42164.0,0.06467539003522928,0.04058971007126869,154.986
42165.0,0.051987440187483774,0.042180667834378724,153.187
42166.0,0.05702286662432128,0.04346148402471644,154.286
42167.0,0.07243558586642618,0.04402546842485882,157.186
42170.0,0.058657933060972375,0.0450757075299279,155.186
42171.0,0.04985436798691696,0.0465217937796035,154.087
42172.0,0.04905137212708916,0.04793573618463401,154.286
42173.0,0.047094162788587864,0.049310359281117724,154.286
42174.0,0.044822487125939364,0.05061331852371319,154.186
42177.0,0.060241168002242426,0.05108111355169791,156.986
42178.0,0.06517363966448701,0.05073924998899331,158.086
42179.0,0.09552472416700311,0.04956019497220223,163.686
42180.0,0.08442754312101072,0.04671479061272595,161.986
42181.0,0.07096368662672176,0.04580195721384979,159.886
42184.0,0.0284943202231411,0.046524238130975185,153.087
42185.0,0.03706948269397392,0.04646555077355832,154.686
42187.0,0.04682303848267588,0.04622027493699801,156.486
42188.0,0.03692899423545664,0.04688536418361546,155.086
42191.0,-0.020464751138326007,0.048926001992476126,146.487
42192.0,-0.0338165142687314,0.0507014144865419,144.687
42193.0,-0.10978581179333427,0.05695401888327108,134.788
42194.0,-0.025569400015069625,0.05772715941673836,145.987
42195.0,-0.0066613606292018806,0.05747015726811123,148.887
42198.0,0.002785755580216392,0.056600400141678484,150.487
42199.0,0.00921792902490006,0.0553009992127945,151.687
42200.0,-0.0033318887636926823,0.05480097013854179,149.987
42201.0,-0.004631868095234472,0.054702436052760574,149.987
42202.0,0.017431813890498932,0.05408848903190563,153.587
42205.0,0.027785974299937236,0.05350127354953789,155.486
42206.0,0.03322359597920683,0.053201192449016506,156.586
42207.0,0.01882610722007203,0.05297025283364173,154.486
42208.0,0.017615771008376437,0.05207334193277604,154.486
42209.0,-0.002882095493342466,0.05178044404479262,151.487
42212.0,-0.04419069010282499,0.052676986438121055,145.587
42213.0,-0.03844423054605499,0.0524515375589946,146.487
42214.0,-0.054177799940437546,0.052434858352256856,144.387
42215.0,-0.06665564792312988,0.05296822588124602,142.787
42216.0,-0.05351932101709166,0.052776418877606965,144.687
42219.0,-0.05949523220846309,0.053166727735359735,143.987
42220.0,-0.06766020687195302,0.053996414408225404,142.987
42221.0,-0.07294519201056242,0.05452950049349327,142.388
42222.0,-0.08502157742320103,0.055348219910101956,140.888
42223.0,-0.07658296267102074,0.05583440971624794,142.088
42226.0,-0.07195690083831136,0.05645196958697515,142.787
42227.0,-0.08754659488024533,0.0573928171192428,140.788
42228.0,-0.1351974230472687,0.060067442921787374,134.888
42229.0,-0.06329162242256427,0.05977858426560977,144.087
42230.0,-0.0683709122863299,0.059383311209083516,143.387
42233.0,-0.07885525537369345,0.059200346955553665,141.988
42234.0,-0.09856307573105282,0.05994644735115978,139.388
42235.0,-0.09674556552139163,0.060437805785037484,139.588
42236.0,-0.12364914676770367,0.06168531199397775,136.188
42237.0,-0.16223006657141995,0.06453070009084812,131.588
42240.0,-0.2222398771091855,0.06989560105156205,124.989
42241.0,-0.16609157377625303,0.07149518815582812,130.889
42242.0,-0.18550249243714464,0.07388450404719007,128.589
42243.0,-0.15203036584258778,0.0749080513247222,132.188
42244.0,-0.16378279732800766,0.07609600869973737,130.689
42247.0,-0.15235552554102022,0.07673776670239275,131.788
42248.0,-0.19145256272161906,0.07848561361489859,127.189
42249.0,-0.18688183438130443,0.07936063982946662,127.389
42251.0,-0.18349881072934054,0.07967051394347384,127.389
42254.0,-0.19010958232124597,0.07879419199416318,126.389
42255.0,-0.16033658193509448,0.07711805329804028,129.389
42256.0,-0.12188826840734164,0.07491212984289435,133.588
42257.0,-0.16315423558780254,0.07463652206796346,128.589
42258.0,-0.17209382285754635,0.07412337566422059,127.389
42261.0,-0.16416949894131455,0.07285539788962436,127.989
42262.0,-0.1333718528230258,0.07113946048108227,131.189
42263.0,-0.09633748929003996,0.07052879097167802,135.388
42264.0,-0.10328517812462717,0.07013803559890716,134.288
42265.0,-0.09311232333983756,0.07007810525188213,135.288
42268.0,-0.10314078990641873,0.06952039954837086,133.788
42269.0,-0.11240459860410291,0.06854894851963945,132.388
42270.0,-0.12285256973466044,0.06731054911299389,130.889
42271.0,-0.12248222880273017,0.06575055416697191,130.689
42272.0,-0.11788096710410782,0.06441848327838935,130.989
42276.0,-0.148120733134835,0.06331297098933138,127.289
42277.0,-0.12852725289854522,0.061046868699751886,129.289
42279.0,-0.07552823866320245,0.058191408518552035,135.488
42282.0,-0.04183745203596585,0.05545159530679995,139.688
42283.0,-0.04133743588274058,0.05328083266322606,139.588
42284.0,-0.022693678339014537,0.051624249241913125,141.988
42285.0,-0.020622783064016673,0.05093832439504712,142.088
42286.0,-0.020623801871898877,0.051658901702527474,141.888
42289.0,-0.004557911478119619,0.052810630504993676,143.987
42290.0,-0.01099673168307827,0.05405397907853209,142.887
42291.0,-0.011994768143181903,0.05543642392362409,142.588
42292.0,0.00556380916909792,0.05718778737872394,144.987
42293.0,0.01725030186851498,0.05942500530136427,146.587
42296.0,0.021386390367605708,0.061814811821232454,147.087
42297.0,0.020802725904947438,0.0640966778096363,146.887
42299.0,0.017394847115601627,0.06620172593974606,146.287
42300.0,0.03693103286479395,0.06885181245737719,149.187
42303.0,0.036114694570667384,0.07127523748355342,148.987
42304.0,0.037304459812056254,0.07365535246911539,149.087
42305.0,0.04235748095629155,0.07578491116379045,149.787
42306.0,0.031371606965476785,0.07757741367787806,147.987
42307.0,0.022673088336619355,0.07906281725924962,146.587
42310.0,0.029152196464773475,0.08068377956309693,147.487
42311.0,0.04880527886129719,0.08275422453085783,150.487
42312.0,0.06436206997980247,0.08517448394182088,152.987
42313.0,0.060192596873010075,0.08705949814698415,152.287
42314.0,0.07374487008531555,0.0885387739315881,154.486
42317.0,0.058725680485831294,0.08757755846144598,151.987
42318.0,0.04895729019130659,0.08773771920654669,150.387
42319.0,0.05604791170199447,0.08733083732935291,151.487
42320.0,0.0773136283277201,0.08813493501868035,154.986
42321.0,0.06047507342939952,0.08796364403106523,152.187
42324.0,0.041469142178727915,0.08746642263929985,149.087
42325.0,0.055239537790947923,0.08585907799035203,151.187
42326.0,0.0573000984232467,0.08415106728079023,151.387
42327.0,0.06834989254476216,0.08249614158459931,153.087
42328.0,0.0806680164553864,0.08052644655321876,155.086
42331.0,0.08287878008309436,0.07938919166328436,155.486
42332.0,0.08631453173250675,0.07927489997770915,156.086
42333.0,0.08807367667182509,0.07758131607317788,156.386
42334.0,0.0839349074419026,0.07503489879633993,155.686
42335.0,0.06855340205108837,0.0720948871164238,153.187
42338.0,0.07456606561839742,0.07020206016288653,154.286
42339.0,0.07330230869942883,0.06931693476011616,154.286
42340.0,0.06918945649274214,0.06795578775235128,153.687
42341.0,0.07304762089826825,0.06680227435244857,154.386
42342.0,0.05214707226449989,0.06482003044367447,150.987
42345.0,0.05157190480293221,0.062236108674546674,150.887
42346.0,0.04398865632954136,0.058800363958467466,149.687
42347.0,0.05028655424821021,0.05501717774754172,150.687
42348.0,0.048604799616988326,0.0509855645943702,150.387
42349.0,0.03109027217844402,0.044091308958276655,147.587
42352.0,0.024503949155898114,0.037472472957026576,146.487
42353.0,0.03159261494233435,0.03382445808471397,147.487
42354.0,0.05920460909037045,0.03184958457518018,151.787
42355.0,0.05795675090871972,0.029625254227294034,151.587
42356.0,0.055711925016690575,0.028105747996934553,151.287
42359.0,0.0491758435526696,0.026486794446832763,150.287
42360.0,0.05190427556752282,0.02469047350076947,150.787
42361.0,0.060008344996616496,0.02356948208722474,152.187
42362.0,0.05706345075665288,0.021958620309541352,151.787
42366.0,0.050981794322904034,0.020054081980602455,150.887
42367.0,0.049835131675807935,0.01893639101152504,150.787
42368.0,0.04865383211557754,0.018257609768791302,150.687
42369.0,0.05912313836589353,0.017691868305613413,152.487
42373.0,0.037196536250645666,0.01721738146845031,149.087
42374.0,0.02577920712138811,0.016893767087326195,147.387
42375.0,0.016080404419571842,0.017568354583486663,145.987
42376.0,-0.024998359346021043,0.02064045552896704,140.188
42377.0,-0.007640755182764192,0.02222192877734192,142.588
42380.0,-0.04084043540017955,0.02572831095639388,137.988
42381.0,-0.05493864264299538,0.02956231311914221,136.088
42382.0,-0.04481097330188927,0.03215085151675347,137.388
42383.0,-0.046915047268907335,0.034681464361989295,137.088
42384.0,-0.04773768505270514,0.03707508764417012,136.988
42387.0,-0.05576587640085836,0.03949664435430155,135.988
42388.0,-0.028124588662832035,0.040590981407878965,139.788
42389.0,-0.061870106656424166,0.04272081667203206,135.388
42390.0,-0.0805591788891559,0.04567489321285818,133.088
42391.0,-0.03517900825970577,0.04665443050446408,138.988
42394.0,0.0018959435014937712,0.04673409153409933,144.287
42395.0,-0.016400823765057394,0.04675415466839201,141.788
42396.0,-0.026752676385171717,0.047211677528433936,140.488
42397.0,-0.01977865355821117,0.04764768367131009,141.588
42398.0,0.002233464700076801,0.047600281527682795,144.887
42401.0,0.015087184580949603,0.047413325310035455,146.987
42402.0,0.004503424069456983,0.04709464880589936,145.587
42403.0,-0.02417832019662685,0.04685963551524751,141.588
42404.0,-0.02295014377537191,0.04644906747707338,141.888
42405.0,-0.009885048684036696,0.04564343319117604,143.887
42411.0,-0.06991286942187674,0.046150218860364495,135.888
42412.0,-0.09094074485325006,0.047397561981886036,133.288
42415.0,-0.05245976495788353,0.047511331721618255,138.188
42416.0,-0.04450713629314799,0.04715381786324388,139.288
42417.0,-0.05303144990881999,0.04690573457672091,138.188
42418.0,-0.023285941189699573,0.04612726189247426,142.288
42419.0,-0.03188167549650105,0.04524783318095221,141.188
42422.0,-0.029002456100728498,0.044816811071475164,141.688
42423.0,-0.028341297361299204,0.044329823206745354,141.888
42424.0,-0.03999829045217549,0.044118331431258935,140.388
42425.0,-0.0513157250985697,0.043893086324483126,138.988
42426.0,-0.025000525626020797,0.04325414572408897,142.687
42429.0,-0.03122357070365379,0.043012129698615766,141.888
42430.0,-0.013006291223432132,0.04274671629063799,144.487
42431.0,0.012366357131778152,0.04245827505645039,148.287
42432.0,0.007302675709919991,0.04137035081568923,147.587
42433.0,0.004258460325979874,0.040243459940088634,147.187
42436.0,-0.000813724084731112,0.03909670574574001,146.487
42437.0,-0.002339237252797717,0.038101928790745726,146.287
42438.0,-0.006659482314825656,0.03692953010718199,145.687
42439.0,-0.01168511659666053,0.0353274033612,144.987
42440.0,0.009283799388197263,0.033932470073622364,148.087
42443.0,0.04245506794444394,0.03360599731354922,153.287
42444.0,0.02951879540211654,0.03289861730157186,151.287
42445.0,0.026680959923651333,0.03213784357899492,150.887
42446.0,0.035234852613814586,0.031137302641786376,152.287
42447.0,0.0688966722825327,0.032571263591806246,157.886
42450.0,0.06949907012638688,0.034294787429039915,158.086
42451.0,0.07701516120537204,0.036491027996005225,159.486
42452.0,0.07755125684155151,0.03877502248289176,159.686
42453.0,0.07164271409318176,0.04060675768252988,158.786
42458.0,0.06210896074666508,0.04174175187103332,157.286
42459.0,0.06676874059651279,0.0426517500973677,158.186
42460.0,0.0674484487265286,0.04363453474630153,158.386
42461.0,0.06768989058970476,0.0444531206498754,158.486
42465.0,0.05610278058063919,0.044796721776994564,156.586
42466.0,0.07006849659718421,0.04524949811736655,158.986
42467.0,0.08555697031881579,0.046601862959865376,161.786
42468.0,0.07466859600214969,0.04675085567588611,159.986
42471.0,0.07126606724101119,0.04600932882856329,159.486
42472.0,0.07385608740764754,0.04648564049307522,159.986
42473.0,0.09844576438116243,0.04807511435263844,164.486
42474.0,0.10021432121513277,0.04944145625000383,164.986
42475.0,0.10099445809082389,0.050534351373875123,165.286
42478.0,0.1022964661858341,0.051636989983860244,165.685
42479.0,0.10153610767420077,0.05283566223833712,165.685
42480.0,0.08003168896630923,0.05346108795237768,161.886
42481.0,0.08854586937107714,0.05418237165735641,163.486
42482.0,0.08421492020198267,0.05437021311465488,162.786
42485.0,0.06738557472198908,0.05420227697384252,159.886
42486.0,0.07796107203342653,0.05436499333274945,161.786
42487.0,0.06426908944985718,0.05265943085175048,159.486
42488.0,0.07257165219335808,0.049898645164708544,160.986
42489.0,0.06002429414800485,0.048386602044167795,158.886
42493.0,0.03812983784758374,0.04693313995629771,155.286
42494.0,0.033142355941638085,0.045047246197097636,154.486
42495.0,0.024799950387434325,0.044164589241479105,153.187
42496.0,0.029040984618583236,0.042928267986266665,153.887
42499.0,0.03619952800381661,0.04168288462233222,155.086
42500.0,0.04384695560983639,0.04035969830429806,156.386
42501.0,0.04406822335544307,0.038446149608942784,156.486
42502.0,0.029380553357632216,0.035863195792647615,154.186
42503.0,0.034458816398642726,0.034333777609883986,155.086
42506.0,0.06267021502820695,0.03232518001607633,159.886
42507.0,0.07925236054663926,0.03115820769371751,162.886
42508.0,0.06837409830773564,0.030640485597787186,161.086
42509.0,0.04488389551232236,0.029908692977195103,157.186
42510.0,0.052201014600657895,0.028991262123622973,158.486
42513.0,0.0552540135524177,0.027798336582107085,159.086
42514.0,0.06297839063843481,0.026435088475330423,160.486
42515.0,0.0849930085235208,0.02493720998428473,164.486
42516.0,0.0802948359444633,0.022806324087642996,163.786
42517.0,0.11885498145281341,0.022819470498083062,171.185
42520.0,0.11098219383700669,0.023473174163694283,169.885
42521.0,0.1272252647372819,0.024376826621728118,173.285
42522.0,0.11112040379141266,0.02436342444374284,170.385
42523.0,0.10873619884243547,0.024444323578106907,170.185
42524.0,0.11041537605761567,0.02504453744647691,170.785
42527.0,0.12383876629168161,0.026063494816615754,173.785
42528.0,0.13580626893563952,0.027494539247566067,176.585
42529.0,0.1302122409528947,0.028582743632650315,175.885
42531.0,0.12401068052660107,0.02937374129616862,175.085
42534.0,0.09317308316370143,0.02939238235786846,169.485
42535.0,0.08485289835695349,0.029374775111224223,168.285
42536.0,0.10763650027459004,0.029639812441047974,172.985
42537.0,0.08348804692360073,0.029610242955450606,168.785
42538.0,0.08230784261479662,0.029440403727811995,168.885
42541.0,0.08991762603626545,0.029450762135797143,170.685
42542.0,0.09919669144228806,0.02956930662804086,172.885
42543.0,0.11840516365114825,0.030051162236016154,177.084
42544.0,0.11159769429536852,0.030331483643127037,176.085
42545.0,0.09799873406795737,0.030400741207055614,173.785
42548.0,0.08091254352342186,0.030307831375605495,170.885
42549.0,0.07706114907469859,0.03019455832251862,170.485
42550.0,0.08563848362676549,0.030067594749530302,172.385
42551.0,0.10319907998977747,0.03008081796350113,176.085
42555.0,0.11536996042127835,0.030333523627393985,178.884
42556.0,0.10086384896674863,0.030460241158804306,176.385
42557.0,0.08817109906188132,0.03045852967247907,174.285
42558.0,0.09667821992795746,0.030531479360382377,176.285
42559.0,0.09792388012475706,0.03054570282901485,176.984
42562.0,0.11036536581029427,0.030790890003166323,179.984
42563.0,0.11243139249463731,0.03094690401829713,180.884
42564.0,0.11158866125044146,0.031144841620995255,181.184
42565.0,0.12025637112772763,0.03133618149042913,183.484
42566.0,0.12414581349034529,0.031034198802874242,184.784
42569.0,0.12272520866669537,0.03042787724019693,184.984
42570.0,0.11231880578773927,0.029164237079758053,183.284
42571.0,0.12096560048280017,0.02808352489696733,185.584
42572.0,0.11380899752957999,0.027042444758811443,184.584
42573.0,0.11418567478831855,0.026200896204308988,185.184
42576.0,0.12497015703464125,0.02545507030360314,187.984
42577.0,0.11460152240664766,0.023645701499633853,186.284
42578.0,0.12489202732520906,0.022054742383904057,188.983
42579.0,0.12273860611801038,0.02158418744063672,188.983
42580.0,0.10889695630724346,0.021361763749271023,186.484
42583.0,0.09721477201274896,0.020817232151652047,184.484
42585.0,0.08036300720724689,0.019379934686551376,181.484
42586.0,0.08391551285983437,0.018165786490303263,182.584
42587.0,0.09173416980886766,0.016867602977786333,184.584
42590.0,0.10961633197904462,0.01577140161891957,188.783
42591.0,0.10465145814734508,0.015487033447038738,188.184
42592.0,0.10185313643714328,0.015050566808793572,187.984
42593.0,0.1031984863501215,0.014957940513563603,188.683
42594.0,0.09694026115110954,0.015001734734580115,187.784
42597.0,0.11050103881559306,0.014712036888658315,191.083
42598.0,0.1281580280781847,0.015024651406290338,195.383
42599.0,0.11550722084328659,0.015077642667294984,192.983
42600.0,0.1569349498970351,0.016656193797569475,202.982
42601.0,0.14983501997204896,0.01754909362154574,201.782
42604.0,0.16004360734830203,0.01862037682062951,204.782
42605.0,0.15281847118114564,0.019407406382112947,203.582
42606.0,0.13972957777313383,0.019777698270498825,200.982
42607.0,0.1312049648340961,0.019887736983257867,199.483
42608.0,0.1330119471808845,0.019827956908594485,200.382
42611.0,0.13509270937819653,0.02011551060496902,201.382
42612.0,0.14721645457120253,0.02033933217795332,204.782
42613.0,0.13255553022568897,0.02006644545035786,201.782
42614.0,0.1338784294754717,0.019981122475213012,202.582
42615.0,0.12834841561685387,0.01995819018866343,201.782
42618.0,0.16079607197571624,0.020966716239810435,210.182
42619.0,0.177180727599183,0.02265486814623642,214.981
42620.0,0.1679724740947834,0.02358336536930657,213.181
42621.0,0.172627301947614,0.024162535617005515,214.981
42622.0,0.16573329715924243,0.024191625311515433,213.781
42625.0,0.13633388410586428,0.023709840607299925,206.982
42626.0,0.13827013876200825,0.023636560315637566,207.982
42627.0,0.13858693463481994,0.02369932423253263,208.582
42628.0,0.1412741798629055,0.023585349722030646,209.782
42632.0,0.1372697748612586,0.023056477715220854,209.382
42633.0,0.13336009799887094,0.022700458224682512,208.982
42634.0,0.13993640526373133,0.022403771859724073,211.181
42635.0,0.15106631062396025,0.022512936340141718,214.581
42636.0,0.16235607133526767,0.022899960301659368,218.181
42639.0,0.13919579680816602,0.022804270364522858,212.981
42640.0,0.14752508330205164,0.02289973420891659,215.781
42641.0,0.14774689377184527,0.023013992652650205,216.581
42642.0,0.14873647055579306,0.02312347984418366,217.581
42643.0,0.1276324179152132,0.022973252276366287,212.981
42646.0,0.14013834238240452,0.02295543496413744,216.781
42647.0,0.13971037027155092,0.022835490471224004,217.381
42648.0,0.1368032624746414,0.022695563216505135,217.381
42649.0,0.13393755664018497,0.022668739526365646,217.381
42650.0,0.1265260591818894,0.02253698181352947,216.181
42654.0,0.1224555452055557,0.02255744929380202,215.781
42655.0,0.11013459492644613,0.022741755306900258,213.381
42656.0,0.09321594231886553,0.023174289195182347,209.982
42657.0,0.08646060426256812,0.023548293292630487,208.982
42660.0,0.08320520926133475,0.023425833429406785,208.782
42661.0,0.09629769141307364,0.02297296213742959,212.381
42662.0,0.09572682711332299,0.022837130503569933,212.781
42663.0,0.09928471713177138,0.023090695333168383,214.181
42667.0,0.102251080643139,0.02315102262188773,215.381
42668.0,0.09765286501133692,0.02326933042909077,214.781
42669.0,0.0847626319038932,0.02386754942311389,212.181
42670.0,0.07590416084945517,0.024655010625947247,210.582
42671.0,0.06253464242097873,0.026334644418455795,207.982
42674.0,0.050811587019273075,0.02861180048642631,205.782
42675.0,0.05561361508239123,0.030359546658568232,207.182
42676.0,0.041315624663620015,0.032403261687864886,204.382
42677.0,0.028632254359299312,0.03494473540682781,201.982
42678.0,0.017672740546649097,0.03754482429846014,199.982
42681.0,0.03617978078381037,0.039062282263117275,204.182
42682.0,0.040929118308023045,0.04040375302729932,205.582
42683.0,0.02431204356118629,0.042342921295817536,202.382
42684.0,0.04960251126418212,0.04320535466151312,208.182
42685.0,0.009077716994529531,0.04543908300571314,199.982
42688.0,-0.030130385340346823,0.04917666160102011,192.583
42689.0,-0.02798165470046544,0.05251057685307838,193.183
42690.0,-0.009668534104011165,0.05465351199097083,196.883
42691.0,-0.02151394115502923,0.0571103343907345,194.783
42692.0,-0.019482401232451325,0.058687704124665785,195.383
42695.0,-0.030134412629208383,0.05999179571078407,193.583
42696.0,-0.019851008514529325,0.060877664138871836,195.783
42697.0,-0.02885208690415556,0.06170659263720489,194.283
42698.0,-0.040932080360906384,0.06290691395877065,192.183
42699.0,-0.03734753838421025,0.06439525836195081,192.983
42702.0,-0.026097612183344585,0.0652757294645635,195.283
42703.0,-0.03929568925760336,0.06638096447135886,192.983
42704.0,-0.036437787518780955,0.06713653193312037,193.683
42705.0,-0.033074201858260356,0.06769745441682014,194.483
42706.0,-0.05258248116324506,0.06875034817456066,190.983
42709.0,-0.058601822268308554,0.06962658017763813,189.983
42710.0,-0.05961744863942556,0.07000071264065269,189.883
42711.0,-0.05829821803210627,0.06972691270676913,190.183
42712.0,-0.054736775930806204,0.06980476260141025,190.883
42713.0,-0.07003422182544798,0.06985773498487761,188.184
42716.0,-0.0880536405091746,0.07021490484765358,185.084
42717.0,-0.08108221854802407,0.07000241263552719,186.284
42718.0,-0.07830606475929473,0.07009946664184567,186.784
42719.0,-0.09465127402382849,0.07004917091195724,183.984
42720.0,-0.09502360183594037,0.06971639299029288,183.884
42723.0,-0.10501646686866069,0.06949573895020796,182.184
42724.0,-0.107655764954537,0.06913586960229878,181.684
42725.0,-0.10424263382075301,0.06861356175940736,182.184
42726.0,-0.10822628992087495,0.06805376499536527,181.484
42727.0,-0.11906090692549187,0.0679713979443278,179.684
42732.0,-0.09540232264249641,0.06748748190163509,183.584
42733.0,-0.07231075145001714,0.06652727324715799,187.584
42734.0,-0.06071355893780697,0.06533099965866451,189.683
42738.0,-0.06242550809734797,0.06355478001450439,189.383
42739.0,-0.06471650889233456,0.061619001472500046,188.983
42740.0,-0.041303735972641684,0.05909438533135158,193.283
42741.0,-0.03202385651235656,0.056157960931943564,195.083
42744.0,-0.029784285955323453,0.05315499338998725,195.583
42745.0,-0.01764949515867543,0.05053679673899022,197.983
42746.0,-0.0037318584335247857,0.04826092218520675,200.782
42747.0,-0.014117354099696604,0.04630777658422475,198.783
42748.0,-0.009381369470611063,0.04477215532482785,199.683
42751.0,-0.024518184083016772,0.04278440188963537,196.683
42752.0,-0.018976442081514593,0.04131335409034245,197.683
42753.0,-0.008575241758187054,0.04038222031166237,199.683
42754.0,-0.009511286676057537,0.03976088287500556,199.483
42755.0,-0.01861232377088598,0.03832088575003539,197.683
42758.0,-0.017965902023935297,0.03658759182653585,197.783
42759.0,-0.017783934918572216,0.035468550123190334,197.783
42760.0,-0.0023824844856608278,0.03337988469974262,200.782
42761.0,0.017999824374823142,0.0336964911548274,204.982
42762.0,0.015028916440782466,0.03469712567682631,204.382
42767.0,0.025286036537549475,0.03599688898314238,206.582
42768.0,0.018879043970718653,0.036754615927289604,205.182
42769.0,0.01840956766935632,0.0376442502989736,204.982
42772.0,0.03004899171577086,0.03887172755534187,207.382
42773.0,0.021071028619840067,0.039824377961370706,205.382
42774.0,0.014832681315017839,0.04047714413342444,203.982
42775.0,0.015934803263754498,0.04120212734832635,204.182
42776.0,0.008429179295297774,0.041733938718855196,202.582
42779.0,0.013545401852816047,0.042356249589384984,203.582
42780.0,0.009998915091083348,0.042842709986443926,202.782
42781.0,0.028345160759408072,0.04378784788063623,206.582
42782.0,0.05295101919511674,0.04548816722437941,211.981
42783.0,0.053796569909652925,0.047095683672350626,212.181
42786.0,0.06178403690047258,0.04877051204431231,213.981
42787.0,0.04878899621768694,0.049791069171393726,210.982
42788.0,0.06639005307445793,0.05125856116995277,214.981
42789.0,0.06556725222435895,0.05255759807343946,214.781
42790.0,0.04989369308792008,0.05330570484529893,211.181
42793.0,0.045729843659304825,0.053610248174771634,210.182
42794.0,0.03126639031413368,0.053095218076580325,206.982
42795.0,0.03081298178758315,0.05264984564194745,206.782
42796.0,0.02946749232006693,0.052157882683955645,206.382
42797.0,0.033707320133988514,0.051147552327213686,207.182
42800.0,0.04333805011903523,0.05014692145930266,209.182
42801.0,0.055286073821542325,0.04883416325067755,211.781
42802.0,0.05723669885616528,0.04719975961357207,212.181
42803.0,0.04662711767453848,0.045208523575380744,209.782
42804.0,0.05818100489215135,0.04295746433971263,212.381
42807.0,0.0710023168246036,0.039995575166952874,215.381
42808.0,0.06726858389139755,0.03783755908642274,214.581
42809.0,0.06716605850471377,0.036541304769418546,214.581
42810.0,0.09299966935560573,0.03641992357673841,220.781
42811.0,0.09755141205778849,0.03614692491892762,221.981
42814.0,0.12150745025856768,0.03659163178994647,228.18
42815.0,0.1231994929626715,0.03778217322023448,228.78
42816.0,0.10860462740918364,0.03835897087805996,225.18
42817.0,0.09925378957754044,0.038467005979436926,222.98
42818.0,0.10729030109245934,0.03906029842413629,225.18
42821.0,0.10485652638135064,0.039757758048254176,224.78
42822.0,0.10877807770599182,0.04019764467203859,225.98
42823.0,0.11556140889551723,0.04084421150304033,227.98
42824.0,0.10353366195932137,0.040492944510317506,225.18
42825.0,0.09285272466110067,0.03990880854111452,222.78
42828.0,0.10158872901678662,0.03973689652370232,225.18
42830.0,0.1147118192149664,0.03977991465027401,228.78
42831.0,0.11048245460128098,0.03922696008230495,227.98
42832.0,0.10651382163922894,0.038418480318940434,227.18
42835.0,0.10219025532290846,0.03733681896881934,226.38
42836.0,0.09516339230153796,0.03654356487307149,224.98
42837.0,0.1170313014113775,0.036769300226232586,230.98
42838.0,0.11403816462832864,0.036729113249421054,230.58
42843.0,0.10247806825160095,0.03659753400834291,227.98
42844.0,0.10954461725606046,0.03637684634593791,230.18
42845.0,0.13181229103174827,0.03665373028909971,236.579
42846.0,0.1293603069646623,0.03702929024604926,236.379
42849.0,0.1333777350102318,0.03717525690824957,237.979
42850.0,0.14842774704566675,0.037490603043037196,242.779
42851.0,0.14218611717078028,0.03744267792944438,241.579
42852.0,0.15069249608510918,0.037225993538709576,244.579
42853.0,0.14443423631455427,0.03679508745381486,243.379
42857.0,0.15945176303859396,0.036541969610054924,248.378
42859.0,0.14157228473330316,0.03620283637948981,243.779
42860.0,0.1394065526562991,0.03638460705210131,243.779
42863.0,0.14068375963624297,0.03653603983719402,244.779
42864.0,0.15881169799583675,0.03729469008064583,250.778
42865.0,0.15506366374042418,0.03752577100017323,250.378
42866.0,0.16650134732773425,0.03839934775594002,254.578
42867.0,0.17540931221603764,0.03944618149420955,258.177
42870.0,0.1751032717191098,0.039966688842672286,258.977
42871.0,0.17166436738968277,0.04009187592221561,258.777
42872.0,0.1720431754928264,0.03954974044336955,259.777
42873.0,0.1821860616644632,0.03911198588921178,263.977
42874.0,0.1924427296032431,0.03875085911592926,268.376
42877.0,0.20958649265004942,0.039027316230628765,275.376
42878.0,0.20561447946041822,0.039240499040427375,275.176
42879.0,0.19762789864608035,0.03935385776897526,273.576
42880.0,0.20459682656507075,0.03959161438710978,277.176
42881.0,0.20334996546464473,0.039135736524152254,277.976
42884.0,0.19075352286953756,0.03851547478724311,274.776
42886.0,0.16599169584829798,0.03765329364825103,267.577
42887.0,0.17405533675546525,0.03667070782228216,271.176
42888.0,0.16739895398109486,0.035419014014629574,269.976
42891.0,0.1692630055675027,0.03496882340674284,271.576
42892.0,0.17240123402637697,0.03462360822368969,273.576
42893.0,0.16712581018857992,0.03462716695104864,272.776
42894.0,0.16610814409458044,0.034617359686919154,273.376
42895.0,0.1752712923973236,0.03445576119413018,277.376
42898.0,0.1519651040742712,0.03378577163547776,270.576
42899.0,0.15486746262519446,0.0332978708483889,272.376
42900.0,0.16730088399861548,0.032796105703981414,277.376
42901.0,0.1510840513451731,0.03226414527388771,272.976
42902.0,0.14709068296548483,0.03187519607189403,272.576
42905.0,0.16322230034149277,0.031169929964973805,278.776
42906.0,0.16393085096883656,0.030013251881811975,279.975
42907.0,0.15861897154483187,0.029069801081479593,279.176
42908.0,0.16281164876143106,0.028508152072012075,281.575
42909.0,0.1556875881145711,0.027756144860243803,280.175
42912.0,0.16405613170173408,0.026819584562538263,283.975
42913.0,0.17278551957635213,0.025675965717575022,287.975
42914.0,0.15480144991601066,0.023992926728164884,282.775
42915.0,0.15564768025354345,0.02318591741475866,283.975
42916.0,0.13848292833194814,0.022428238282754257,279.176
42919.0,0.1406898050040066,0.02099794680029359,280.775
42920.0,0.10136579784230366,0.02143784261719598,269.176
42921.0,0.10491445736891822,0.02251032233417922,270.976
42922.0,0.10505475097138815,0.023450827812117936,271.776
42923.0,0.0933295907441555,0.025026559680655144,268.976
42926.0,0.09946931982207553,0.026405571847995118,271.576
42927.0,0.1187801390924503,0.026914309298121428,278.376
42928.0,0.12476432826531511,0.02732055995910325,281.175
42929.0,0.13187755604395593,0.027507799901604492,284.375
42930.0,0.1305407426915984,0.027783726177362512,284.775
42933.0,0.12859654355645225,0.027994895122083512,284.975
42934.0,0.13152771336413538,0.02811905241654883,286.775
42935.0,0.16124876667091745,0.028020412899903986,297.974
42936.0,0.1556634924269464,0.028021831238265408,296.974
42937.0,0.15289580906072606,0.028027767370898838,296.974
42940.0,0.16446203180948732,0.02801655090573678,302.174
42941.0,0.15976917771425939,0.027904822509217525,301.574
42942.0,0.15497122675048355,0.027792252849873446,300.974
42943.0,0.17195214885868754,0.027795307620872175,308.373
42944.0,0.1589428525492747,0.02771448437699946,304.773
42947.0,0.17863561953327203,0.02765384136150456,313.373
42948.0,0.17789968572264733,0.027351581037487065,314.372
42949.0,0.1699435331906468,0.02635642865643375,312.573
42950.0,0.15605979784362234,0.02537348541942175,308.573
42951.0,0.16038619276559002,0.024638567765076457,311.373
42954.0,0.18110446327190172,0.023881071184577482,320.572
42955.0,0.19759540555922503,0.0236533755489557,328.571
42956.0,0.1979829239999881,0.023902093017200955,330.171
42957.0,0.18571250968395883,0.024264383972441156,326.571
42958.0,0.1408763801103123,0.02415838869173469,310.573
42961.0,0.17326031261960925,0.024240734736261465,323.972
42962.0,0.15693213331158326,0.0241405171881802,318.772
42963.0,0.16548973921008026,0.0240494909958466,323.172
42964.0,0.17803249223519996,0.024225366387254147,329.371
42965.0,0.16579385519275827,0.024222063260114935,325.771
42968.0,0.16321366011086877,0.024060816857979755,325.971
42969.0,0.15498870272739618,0.02406198586072238,323.972
42971.0,0.16066508640044488,0.024084470144650517,327.371
42972.0,0.16016389997898725,0.024021284826982126,328.371
42975.0,0.14309680096107413,0.024060132906540934,322.972
42976.0,0.13148849805486404,0.02423350448490094,319.772
42977.0,0.14646563840634982,0.02419952075800005,326.571
42978.0,0.1496469901602268,0.024143915018213516,328.971
42979.0,0.13933675893932937,0.02418823163911726,326.171
42982.0,0.12516830656081887,0.024411516919930338,321.972
42983.0,0.12165996419825219,0.024738855411568055,321.772
42984.0,0.12510287748479215,0.024902047290353495,324.172
42985.0,0.11248309272175977,0.025199160369206153,320.572
42986.0,0.11295889636139879,0.02565740236839489,321.772
42989.0,0.13398423682850072,0.025697318454306266,330.771
42990.0,0.13661907493445372,0.02571095052228304,332.971
42991.0,0.13628809088214236,0.025739697831530434,333.971
42992.0,0.14098988040478366,0.02492454090321949,336.97
42993.0,0.14257888833131588,0.024180663812478236,338.77
42996.0,0.1574400670578372,0.023404415739069748,345.97
42997.0,0.15005267745590817,0.021992287470489414,344.17
42998.0,0.15251240003464483,0.020749777901090123,346.37
42999.0,0.15147567474148108,0.020215548212960885,347.17
43000.0,0.14619952624433066,0.019853694096653936,346.17
43003.0,0.13183821764206452,0.01985451614210805,341.57
43004.0,0.1187726101253073,0.020181724254994246,337.57
43005.0,0.11809013801459946,0.020480668833459156,338.37
43006.0,0.10132182682575946,0.0215007604447253,332.971
43007.0,0.10732424867106322,0.02232551397067686,336.171
43011.0,0.13195022637483053,0.022462666160896785,346.77
43012.0,0.13579756646983565,0.02254678973327921,349.369
43014.0,0.13953939125320697,0.022490792332643353,351.969
43017.0,0.12955769710203463,0.022605135434228173,348.969
43018.0,0.1324083276143394,0.022699226954050897,351.169
43019.0,0.13090397617537375,0.02256724116318288,351.569
43020.0,0.12509345487464596,0.02271783876973618,350.169
43021.0,0.12047438346474026,0.02254297138832609,349.169
43024.0,0.13404427832572566,0.022118010688995108,355.569
43025.0,0.1298029421961894,0.021915860842259383,354.769
43026.0,0.12712935987071605,0.02197011654288648,354.569
43027.0,0.10398125198601821,0.022509408939713565,346.17
43028.0,0.11055402509947942,0.022240869947407118,349.569
43031.0,0.10567876087661252,0.02125535139478617,348.569
43032.0,0.10039842243141306,0.020213305494958048,347.37
43033.0,0.10982350718387116,0.019342404012965452,351.969
43034.0,0.09482528748883182,0.02015268499421224,346.97
43035.0,0.09477410357420116,0.020151581355291052,347.77
43038.0,0.09723591050693835,0.020478596387860065,349.569
43039.0,0.095568017748857,0.02053646807269505,349.769
43040.0,0.11889892990488037,0.019450820358368755,359.968
43041.0,0.12076217354768783,0.018782436848871382,361.768
43042.0,0.13297887316288368,0.018135677355502762,367.968
43045.0,0.15103459984560974,0.018026361001263737,376.967
43046.0,0.17841490052843473,0.018823761184393162,390.966
43047.0,0.16397778849794836,0.01895985373043566,385.566
43048.0,0.165910265469381,0.019572699924909818,387.766
43049.0,0.15798085456423244,0.019991221447874474,385.366
43052.0,0.159963851318227,0.020308928652792834,387.566
43053.0,0.15808766747601585,0.020508696865123865,387.966
43054.0,0.1444115926740233,0.0205681241461464,382.966
43055.0,0.16087873883900078,0.02100703833936687,391.766
43056.0,0.1821474842884235,0.02216773312254995,403.365
43059.0,0.2112044156270908,0.024774138655495128,419.963
43060.0,0.22615293909694345,0.02777896485628273,429.962
43061.0,0.2168939200446149,0.02981497914671143,426.763
43062.0,0.20014734378388946,0.03106168637101106,419.563
43063.0,0.18931302373461856,0.03184612965895518,415.764
43066.0,0.17722907206269864,0.03226217701080881,411.364
43067.0,0.18902143080376835,0.03295919308784249,419.163
43068.0,0.17058321427530107,0.0332045414151256,411.564
43069.0,0.13906504340834014,0.03313730572032474,397.965
43070.0,0.10722536535694076,0.033470234471917354,384.966
43073.0,0.11228122441202365,0.033670911553525945,388.366
43074.0,0.08056901270590223,0.034652985402563403,375.967
43075.0,0.05322968128360939,0.03665347637423126,365.968
43076.0,0.08082568054883114,0.03748820036791146,377.967
43077.0,0.11543040625436277,0.03752211198045445,393.965
43080.0,0.13765563789581722,0.03743425149913922,405.364
43081.0,0.10845474939338626,0.037313398179226874,393.166
43082.0,0.11136933247380329,0.03725413332072994,395.565
43083.0,0.11255750129039575,0.037402246655307086,397.165
43084.0,0.09160435616480594,0.0379228685238522,388.966
43087.0,0.10122174723783177,0.03821869058289262,394.165
43088.0,0.11459162688669233,0.03831630161994435,401.165
43089.0,0.10379432008355029,0.03855490913581494,397.365
43090.0,0.1070136455167409,0.03873607861374368,399.765
43091.0,0.11796361924665566,0.03877941688210919,405.764
43096.0,0.10564348834020915,0.038932349531064295,401.165
43097.0,0.11853950862888459,0.03898411348302838,408.164
43098.0,0.11143266398005743,0.03909558954986436,405.964
43102.0,0.1342022630055798,0.03908948695335856,417.763
43103.0,0.14100908890641778,0.03889406256973431,422.163
43104.0,0.15775336875408202,0.038907246376242516,431.762
43105.0,0.1580147843070258,0.03883347653053022,433.162
43108.0,0.16546374286873927,0.0387393284048769,438.562
43109.0,0.17254157080049837,0.038874843319999644,443.761
43110.0,0.1633916945415241,0.038550059014167186,440.361
43111.0,0.1394870295927448,0.03803024832483514,429.362
43112.0,0.1618449614506933,0.03765741645803967,442.161
43115.0,0.14195294139375125,0.03709180163860643,433.162
43116.0,0.1605402545473377,0.037031329427916565,444.161
43117.0,0.16673125282596948,0.037043173176277686,448.961
43118.0,0.1618093804507318,0.037095922826137856,447.761
43119.0,0.16759006101335241,0.03722836290949338,452.36
43122.0,0.178365857900687,0.03722747288228096,459.96
43123.0,0.20037866815015257,0.037948213540731066,474.558
43124.0,0.18779556421776733,0.03830771167326131,468.959
43125.0,0.16547194078085403,0.0383698496679662,457.96
43126.0,0.18577306174773267,0.038727594589483154,471.159
43129.0,0.1832915499439094,0.039039212200415535,471.559
43130.0,0.16292857761607737,0.039101670789541,461.76
43131.0,0.16317023291533533,0.03911894294181878,463.559
43132.0,0.15359194277763255,0.03881346446128231,459.96
43133.0,0.1364848129808115,0.03772675002678518,452.36
43136.0,0.1116637752545006,0.03619350746775111,440.961
43137.0,0.04261944951263987,0.03729126989918186,409.964
43138.0,0.0517511404075567,0.03825116628600417,414.764
43139.0,0.06195590758824515,0.03890006884934446,420.163
43140.0,0.03079957973704058,0.041008384257516343,407.364
43143.0,0.034452979265755385,0.042350093329459555,409.564
43144.0,0.061860934788321484,0.042912351134939214,422.363
43145.0,0.0840822073890236,0.0432713224784223,433.562
43146.0,0.10930694176896834,0.04325510248831666,446.961
43151.0,0.10467499399902601,0.04331340740137661,445.761
43152.0,0.1259829024368937,0.04284614360719102,457.96
43153.0,0.10083367498504547,0.041735853705419705,446.361
43154.0,0.11217866596082561,0.041273206423579,453.36
43157.0,0.108745650830095,0.04132266704133086,452.96
43158.0,0.09229625460522319,0.04158266086690078,445.961
43159.0,0.06133720688075292,0.04250283598427732,432.162
43160.0,0.09023312995988439,0.04274560527850235,446.961
43161.0,0.06535376936521978,0.043525945438584734,435.962
43164.0,0.039374769097544705,0.0448997237182397,424.963
43165.0,0.06716927139150214,0.04548135865585755,438.562
43166.0,0.0558131757270328,0.04641967882923291,434.162
43167.0,0.07247373922309179,0.04686103786985383,442.961
43168.0,0.07858654334494516,0.04719482989517796,446.961
43171.0,0.10235718323332457,0.04725971896772444,459.96
43172.0,0.10545296795956437,0.047260869941888356,462.759
43173.0,0.10464560066787615,0.047308430538881764,463.559
43174.0,0.11158791102081053,0.047307902813685375,468.559
43175.0,0.10260925833962141,0.04731908012398529,465.159
43178.0,0.09355229989604967,0.04734288366450158,461.76
43179.0,0.10032133127857351,0.04706065091926843,466.559
43180.0,0.09015048891060364,0.04683307313700761,462.559
43181.0,0.0400102876443568,0.04744934472826613,439.362
43182.0,-0.006052747503946998,0.0495188059245274,419.963
43185.0,0.007708427594516762,0.05091438153613265,426.563
43186.0,0.018657818133014398,0.052146547229799556,432.162
43187.0,-0.030222823924457468,0.0547671053829055,412.164
43188.0,-0.0379298961822819,0.057748494706007215,409.564
43193.0,-0.03944821723453974,0.06008137072087083,409.364
43194.0,-0.0708152377598636,0.06336503362940653,397.565
43196.0,-0.04954268983941448,0.06534113416618427,405.764
43199.0,-0.03938545823535763,0.06647258084491547,409.964
43200.0,-0.02215342683795084,0.06647350206640143,417.163
43201.0,-0.017121528828805615,0.0653112555285577,419.563
43202.0,-0.03349406046993492,0.06480585239077401,413.164
43203.0,-0.047157396240844904,0.0652186036966604,407.964
43206.0,-0.060644249500577195,0.06509776832948641,402.965
43207.0,-0.0762693087255926,0.06529643978546869,397.165
43208.0,-0.0686497568537248,0.06558320688239498,399.965
43209.0,-0.05302715371496742,0.06503565240269334,405.764
43210.0,-0.06701620581510143,0.0649834563679653,400.165
43213.0,-0.08297579734240373,0.06575227484271819,393.965
43214.0,-0.07529555054026466,0.06665795682309231,396.565
43215.0,-0.10178919553425057,0.06923204432873292,386.766
43216.0,-0.11428414802952655,0.07201533520738812,382.167
43217.0,-0.09570523681269756,0.0738155689467304,388.366
43220.0,-0.08789173483116182,0.0754249698415081,390.966
43222.0,-0.08113738858976138,0.0767343349560878,393.366
43223.0,-0.10472792402445943,0.0783845533810231,384.966
43224.0,-0.11093119556073437,0.0797098927839724,382.766
43227.0,-0.11922006384765008,0.08052230025021542,379.967
43228.0,-0.08947698980454033,0.08040363474077963,390.566
43229.0,-0.0788555751270388,0.07925742559589988,394.565
43230.0,-0.048346579214307524,0.07817773315306312,406.164
43231.0,-0.04176160327230402,0.07656925486332136,408.764
43234.0,-0.03462327935419331,0.07485784077708016,411.764
43235.0,-0.07055801389569444,0.07389440355091277,397.965
43236.0,-0.0753969179508538,0.07363346494554691,396.165
43237.0,-0.03720666530401686,0.07212362104351593,410.964
43238.0,-0.037615435901928326,0.07118130052107909,410.964
43241.0,-0.04541229128060325,0.07075744223813997,407.964
43243.0,-0.04821696759418523,0.06969945650731722,406.964
43244.0,-0.048393862847819526,0.06883947037267515,406.964
43245.0,-0.05613251147995507,0.06750663059899109,403.965
43248.0,-0.053103229548455484,0.06582962571654927,405.165
43249.0,-0.061332653340464914,0.06313286812624073,401.965
43250.0,-0.07986426645398959,0.06019863091559229,394.965
43251.0,-0.06803605025490705,0.05678345506628566,399.165
43252.0,-0.054894929016127386,0.05244209928744518,403.965
43255.0,-0.02652916879536508,0.04813844716639288,414.964
43256.0,-0.013995661522562411,0.04403811917597969,419.963
43257.0,-0.001745257822445583,0.039159288237985576,424.963
43258.0,0.00839617673512592,0.03467676241661589,429.162
43259.0,-0.024919535188594404,0.032314984915892776,414.964
43262.0,-0.014888474638571689,0.03207552519327521,418.963
43263.0,-0.01818498525264552,0.03127109872561381,417.363
43264.0,-0.02314449229701974,0.029824452611273606,415.164
43265.0,-0.030310391199230825,0.029822970111924994,411.964
43266.0,-0.03438550702012813,0.029868858809278465,409.964
43270.0,-0.06751064231976067,0.029826753934297536,396.765
43271.0,-0.05713620631489462,0.029752217349845716,400.165
43272.0,-0.06460237168096954,0.02976435656144161,396.765
43273.0,-0.0610522567412827,0.029676664860054037,397.365
43276.0,-0.08245859977467133,0.02948376885039024,388.766
43277.0,-0.08844602892482711,0.029214326975031225,385.966
43278.0,-0.11076283829799582,0.029860174776482902,377.367
43279.0,-0.10362992028329593,0.030396192354964706,378.967
43280.0,-0.0604251763737849,0.030396352663680213,393.766
43284.0,-0.06670347471376717,0.030333753677909192,390.766
43285.0,-0.08641892491761669,0.030519500861098274,382.966
43286.0,-0.07736047784296343,0.030569685005737895,385.566
43287.0,-0.07316634158203238,0.030600845834283075,386.566
43290.0,-0.04733910825451738,0.0305284741559493,395.965
43291.0,-0.07152554774721656,0.0304994571809439,386.766
43292.0,-0.0913487203684029,0.03025860561819202,379.367
43293.0,-0.08890435222006116,0.02957282540567533,379.967
43294.0,-0.08529544553727723,0.0293631729559439,380.967
43297.0,-0.0830821492158468,0.02928178439126405,381.367
43298.0,-0.09768510805898337,0.029603482922692523,375.767
43299.0,-0.0894705093301797,0.02922697001941513,377.967
43300.0,-0.09456357986724066,0.028749829716550074,375.567
43301.0,-0.08949544171422351,0.027818390492578053,376.567
43304.0,-0.10390680597787416,0.028197571052037823,370.968
43305.0,-0.08946727723920303,0.028377809247664205,375.167
43306.0,-0.07434358435567108,0.028393339527032598,379.767
43307.0,-0.08677738434814194,0.02849071063152351,374.767
43308.0,-0.09043521276681318,0.028504314753365137,372.967
43311.0,-0.1054841925222241,0.029109306063500682,367.168
43312.0,-0.1405570024410913,0.031013479026331545,355.169
43313.0,-0.13922779172265706,0.03246164962730169,354.969
43314.0,-0.16953540887613375,0.03523578358248483,344.97
43315.0,-0.1510759958715608,0.03687283652209403,349.769
43318.0,-0.1380908238400538,0.037879027184481336,352.969
43319.0,-0.1228169953133182,0.03833847202274127,356.969
43320.0,-0.09858817258660076,0.03839097284450574,363.968
43321.0,-0.07081147820392039,0.03826511234825031,372.567
43322.0,-0.07580415062924367,0.03820966598299299,369.968
43325.0,-0.09964650606147914,0.038349466101609025,360.968
43326.0,-0.13541737790796093,0.03920586771650399,348.569
43327.0,-0.17424840239187317,0.04131986808396879,335.971
43328.0,-0.2066928302396466,0.0442473752256078,325.771
43329.0,-0.1628620945484761,0.044472351949139885,336.97
43332.0,-0.11459025740587106,0.042950507511864695,350.769
43333.0,-0.11324666470794616,0.040770114667214676,350.569
43334.0,-0.08411640959570807,0.03967524961848942,359.369
43335.0,-0.08328546476158113,0.0381323900312274,358.969
43336.0,-0.09694337639736832,0.03657879541001017,353.969
43339.0,-0.07432789056093633,0.03524051976571773,360.968
43340.0,-0.060185976878106895,0.03436094941946192,365.368
43341.0,-0.07268399636331414,0.03337463594441442,360.768
43342.0,-0.08153228175919025,0.03317965906215776,357.369
43343.0,-0.13482416095537852,0.033058759495438836,339.97
43346.0,-0.1568383362732931,0.03363941724241342,332.771
43347.0,-0.1346318929615738,0.033463680256391244,338.57
43348.0,-0.18011528087396714,0.03504644631160735,324.772
43349.0,-0.21541167046018075,0.038247631469809786,314.572
43350.0,-0.20424958645334804,0.04060068612931618,316.772
43353.0,-0.21386927445921664,0.04317259473062954,313.573
43354.0,-0.232954544716582,0.045811731552944046,307.973
43355.0,-0.2281970211399829,0.047982214376315946,308.373
43356.0,-0.1674229704854029,0.04827198756054777,323.772
43357.0,-0.14355179697609755,0.048016271619653966,329.971
43360.0,-0.17981840512325578,0.048239732498415594,319.172
43361.0,-0.18210741826324311,0.04772890554731742,317.972
43362.0,-0.1669893834040274,0.047455425469221574,321.572
43363.0,-0.1556493774909611,0.047343054351825245,324.172
43364.0,-0.11870712472074388,0.04703031974867935,334.371
43367.0,-0.13923217734332785,0.04663597313804421,327.771
43369.0,-0.12996996705771083,0.04615397185913284,329.971
43370.0,-0.14418116550030566,0.04594485924251062,325.371
43371.0,-0.1502092384241208,0.04561316986484706,323.172
43375.0,-0.17038564920560823,0.0455731288354245,316.972
43376.0,-0.17160238881926296,0.04540425723482549,315.972
43377.0,-0.1973020984327426,0.045962666216313314,308.373
43378.0,-0.20724696940384937,0.04643884341499738,304.973
43381.0,-0.22769816104410473,0.047051989428975066,298.974
43382.0,-0.24588261724999552,0.048490180796566015,293.774
43383.0,-0.2742383937145356,0.051019630996941366,286.375
43384.0,-0.36142869985054965,0.05858936929070315,266.977
43385.0,-0.2561569484178593,0.0602355261433901,288.375
43388.0,-0.2766063831668296,0.06244741372712622,282.775
43389.0,-0.27849482007996534,0.0646106803848567,281.375
43391.0,-0.2758309102233301,0.0665214802726409,280.975
43392.0,-0.26698001595886206,0.06793282866670787,281.975
43395.0,-0.22303770254212307,0.06807881200289294,291.174
43396.0,-0.2775577803697949,0.06898558633196773,277.776
43397.0,-0.2825010153167792,0.06911524642251535,275.776
43398.0,-0.31008383647611715,0.07005995050631658,268.976
43399.0,-0.3498933751831897,0.07293737840525787,259.977
43402.0,-0.3439318093523662,0.07582551084334055,259.977
43403.0,-0.3788415722227952,0.08024754034275226,252.178
43404.0,-0.29649239447592873,0.08150211853639834,266.977
43405.0,-0.24063918409077842,0.08159767741015674,277.776
43406.0,-0.13154292377780655,0.08128709693059073,303.573
43409.0,-0.1705554871500202,0.08048653252472918,292.374
43410.0,-0.16786460438258233,0.07893598913336165,291.974
43411.0,-0.15814012148315823,0.07739180086196273,293.374
43412.0,-0.15331841375598684,0.07625449515536446,293.574
43413.0,-0.20811394962317714,0.07400125856099808,279.176
43416.0,-0.24184898143220393,0.07117008007465425,270.576
43417.0,-0.22006531183485428,0.06844959561463869,274.376
43418.0,-0.22534958997119506,0.06587052482215512,272.176
43419.0,-0.15432537546662012,0.0654506478745717,287.975
43420.0,-0.1413962634524323,0.0657622061062724,290.375
43423.0,-0.1350086889626136,0.065752999840493,291.174
43424.0,-0.17029956494717227,0.06587187935353718,281.575
43425.0,-0.13488104981438312,0.06681933896189622,289.575
43426.0,-0.11075979577861106,0.0683400855520336,294.974
43427.0,-0.12183553476615364,0.06948323469230056,291.174
43430.0,-0.09338204004376224,0.07127642158029178,297.974
43431.0,-0.0698169027530425,0.07374251285012628,303.773
43432.0,-0.03015373031908816,0.07750962813789486,314.772
43433.0,-0.03670391347969212,0.08048625725980622,311.973
43434.0,-0.03430649447227803,0.08369914010578693,311.973
43437.0,0.008135707511731276,0.08844739680753094,324.772
43438.0,0.020577974303455503,0.09329758506419118,328.371
43439.0,-0.0001303540495745301,0.09687754260060105,320.972
43440.0,-0.05282816029036121,0.09822005394820023,304.173
43441.0,-0.029033302959368783,0.10042362067944233,310.573
43444.0,-0.035447977582450524,0.1022651070757223,307.973
43445.0,-0.02273037827832126,0.1045170935806511,311.173
43446.0,-0.002765806321265914,0.10730659178609551,316.772
43447.0,0.004544749695516095,0.11022074845456936,318.572
43448.0,-0.024896056326168595,0.11212398015188127,308.773
43451.0,-0.022596826795089075,0.11389442030733583,308.773
43452.0,-0.04048362964993586,0.11505973793147463,302.773
43453.0,-0.03748654170503647,0.11597428696161619,302.973
43454.0,-0.04012438074900366,0.11645153057860029,301.574
43455.0,0.006020522127600102,0.11729595528194255,315.172
43458.0,-0.007268951261056379,0.11492580508222457,310.573
43461.0,-0.009379274032296289,0.11521903330744819,309.573
43462.0,-0.006706064516129118,0.11488511984805061,310.0
43465.0,0.007359267515923397,0.11456234383588251,314.0
43467.0,-0.01495596868884548,0.11357147042384529,306.6
43468.0,-0.018346950819672327,0.11251891649635093,305.0
43469.0,0.0020085318737926737,0.11266190771816766,310.6
43472.0,0.025653431989924487,0.11174095378010825,317.6
43473.0,0.020916381495564122,0.1102193772960855,315.6
43474.0,0.05742032967032968,0.10820409293129801,327.6
43475.0,0.0616431914893616,0.1039065363911951,329.0
43476.0,0.06771231884057964,0.09925187465718242,331.2
43479.0,0.04095096333126148,0.09072996173811905,321.8
43480.0,0.06541124242424227,0.08659290181320857,330.0
43481.0,0.06882598187311167,0.08459539745445134,331.0
43482.0,0.07023879830917867,0.0856676016649384,331.2
43483.0,0.08689252225519271,0.08608349829727745,337.0
43486.0,0.09536020588235287,0.08653554043319442,340.0
43487.0,0.08479496724240622,0.08664935048172871,335.8
43488.0,0.07861893757502984,0.08647226759795552,333.2
43489.0,0.071173561477892,0.08388613547413823,330.2
43490.0,0.1083106457242582,0.08013679832647343,343.8
43493.0,0.1025201990632318,0.07663834261430516,341.6
43494.0,0.10433589369158841,0.07215047562776551,342.4
43495.0,0.108856217315514,0.07077494833494709,344.2
43496.0,0.11287869942196505,0.06966891397023893,346.0
43497.0,0.11701652298850539,0.06857703798428799,348.0
43500.0,0.11511355005753718,0.06526407491816205,347.6
43504.0,0.10906597222222218,0.06303226988092059,345.6
43507.0,0.1240140056818181,0.061942518753821195,352.0
43508.0,0.12129385315879307,0.05985973457154575,351.4
43509.0,0.11150770557791831,0.058394326817066126,347.8
43510.0,0.09556492100643647,0.05719457613685613,341.8
43511.0,0.07345059916117434,0.05665490364983285,333.8
43514.0,0.0891687168922896,0.05609708674243049,339.8
43515.0,0.0806034738717341,0.05535739059158064,336.8
43516.0,0.09143392961876831,0.055560362341062264,341.0
43517.0,0.09700081585081588,0.05594951497069025,343.2
43518.0,0.09862904069767436,0.05605313782365085,344.0
43521.0,0.09770244328097749,0.054621297046883587,343.8
43522.0,0.09508399416909638,0.05377753367120901,343.0
43523.0,0.08713559670781926,0.05248444950807949,340.2
43524.0,0.07461360929124512,0.051356484116536705,335.8
43525.0,0.07511293872694844,0.05069816206541192,336.2
43528.0,0.10227422145328756,0.0504642640503203,346.8
43529.0,0.13697960708356413,0.05008007384228399,361.4
43530.0,0.13666897790055269,0.049560923754880776,362.0
43531.0,0.11841190878378395,0.047644407114809155,355.2
43532.0,0.09583187319884749,0.04523481800268823,347.0
43535.0,0.11323401916572734,0.04262382789352467,354.8
43536.0,0.12645202216066498,0.04203211154359201,361.0
43537.0,0.11800482700892861,0.0405963120357352,358.4
43538.0,0.11390011185682328,0.0387810708877648,357.6
43539.0,0.11518225626740936,0.03687047084145392,359.0
43542.0,0.13633996746203914,0.03584207163616061,368.8
43543.0,0.13701059459459458,0.033376971691899494,370.0
43544.0,0.13451805405405406,0.030101829442847523,370.0
43545.0,0.11542545454545446,0.027256009605455572,363.0
43546.0,0.11764164383561636,0.025508211017108425,365.0
43549.0,0.08705757490107408,0.023098375589030228,353.8
43550.0,0.07822066021627758,0.02252773273609565,351.4
43551.0,0.08365064861816154,0.021996153988031647,354.6
43552.0,0.07963923728813563,0.021710276229407428,354.0
43553.0,0.09518019390581718,0.02002370900059761,361.0
43556.0,0.10341309589041103,0.019367439564279425,365.0
43557.0,0.10385114754098379,0.018787423341825663,366.0
43558.0,0.1300244973544976,0.018599847620727073,378.0
43559.0,0.12319946808510648,0.018640394469648672,376.0
43563.0,0.13060689110994203,0.01895077972445769,380.2
43564.0,0.13559045881126183,0.01919798213845351,383.6
43565.0,0.14411075102880658,0.01951423644562699,388.8
43566.0,0.14680638732754211,0.019585035053530125,391.4
43567.0,0.14891767394616567,0.020373609766191642,393.8
43570.0,0.13405855229263272,0.02063104095350276,388.2
43571.0,0.14331626016260182,0.021124428823309317,393.6
43572.0,0.145007633973711,0.02165119132456576,395.6
43573.0,0.1334646833503575,0.021864369051491257,391.6
43578.0,0.13391989821882935,0.022067441110777405,393.0
43579.0,0.1314255979643766,0.022224629170480608,393.0
43580.0,0.10588819226750273,0.02223964019816957,382.8
43581.0,0.10644203124999985,0.022196878643566054,384.0
43584.0,0.1193176395289299,0.02218267756171426,390.6
43585.0,0.11152884020618571,0.022182662403155248,388.0
43587.0,0.11721747572815533,0.022062568071820148,391.4
43588.0,0.10706717380092842,0.021356174013543065,387.8
43591.0,0.0767102502662408,0.02170722939550491,375.6
43592.0,0.08794138655462176,0.021510593804391166,380.8
43593.0,0.0957635135135134,0.021430978258382954,384.8
43594.0,0.07171333865814704,0.022099659249969046,375.6
43595.0,0.0853959685863876,0.02234670614657842,382.0
43599.0,0.05557201834862399,0.023650149860666526,370.6
43600.0,0.06247786096256696,0.024535253775314486,374.0
43601.0,0.03960185995623657,0.026305195495150122,365.6
43602.0,0.012102754356380243,0.029285458368208235,355.8
43605.0,-0.028731315789473435,0.03478298907053195,342.0
43606.0,-0.032093728018756984,0.03986347141968406,341.2
43607.0,-0.03986032448377533,0.044399890215954356,339.0
43608.0,-0.0820334969325149,0.05095091491368497,326.0
43609.0,-0.08674624384236422,0.056939478703579724,324.8
43612.0,-0.09036893143915944,0.06243005976035438,323.8
43613.0,-0.08480261056511011,0.06688623940901088,325.6
43614.0,-0.09731677018633492,0.07130734854544693,322.0
43615.0,-0.08964241676942007,0.07496511539149939,324.4
43616.0,-0.08466257668711612,0.07807871382511604,326.0
43619.0,-0.0607613908872896,0.08002539437181863,333.6
43620.0,-0.08218826405867917,0.08218093659196701,327.2
43621.0,-0.07038066465256744,0.08366081768220808,331.0
43622.0,-0.07271186440677915,0.08503331793857642,330.4
43626.0,-0.034104956268221014,0.08554795058330154,343.0
43627.0,-0.029796865931513893,0.08584055781243652,344.6
43628.0,-0.05202133965619382,0.08687445932009345,337.4
43629.0,-0.062184320766007814,0.08812156149869856,334.2
43630.0,-0.07595151515151452,0.08956183413585424,330.0
43633.0,-0.07919148936170153,0.09099010100437838,329.0
43634.0,-0.06312574850299368,0.09174128920796533,334.0
43635.0,-0.023168202764976255,0.09159737846926491,347.2
43636.0,-0.003994350282485358,0.091188733008786,354.0
43637.0,-0.003267494356658705,0.09021501885412113,354.4
43640.0,0.00011804384485722469,0.0892845862661402,355.8
43641.0,-0.018660560961648164,0.0882450975723888,349.4
43642.0,-0.020366762177650117,0.08697986275235127,349.0
43643.0,-0.009631519274376003,0.08525880922313384,352.8
43644.0,-0.0105161656267723,0.08331170401231337,352.6
43648.0,0.016258278145695353,0.08107000399727388,362.4
43649.0,0.010349611542730508,0.0791685488795468,360.4
43650.0,0.008861111111111262,0.07682448185314288,360.0
43651.0,0.00798221234018919,0.07424646905933784,359.8
43654.0,-0.01698575498575463,0.0719570593315738,351.0
43655.0,-0.017713797035347773,0.06945020030446185,350.8
43656.0,-0.0007343049327355865,0.06679350580208158,356.8
43657.0,0.0002239641657334381,0.06491585739277181,357.2
43658.0,-0.006174647887323804,0.06288097500659307,355.0
43661.0,0.009473392461197199,0.06023389065103688,360.8
43662.0,0.013596249310534885,0.05776475855321285,362.6
43663.0,0.014581497797356808,0.05486025787726601,363.2
43664.0,-0.00421200224340985,0.05205826399022586,356.6
43665.0,0.009646213377556686,0.05046734135448203,361.8
43668.0,-0.0023881431767335797,0.04819888562701263,357.6
43669.0,3.1702966458900175e-16,0.04537955675019582,358.6
43670.0,0.01855032822757122,0.04376737404657693,365.6
43671.0,0.03568206229860384,0.041815577426028504,372.4
43672.0,0.02914100486223681,0.040965441392822474,370.2
43675.0,0.03337990327780803,0.0399195671547255,372.2
43676.0,0.03497856377277638,0.0397748283900964,373.2
43677.0,0.02129277566539979,0.03996722794171552,368.2
43678.0,0.02582162162162201,0.04058913932077469,370.0
43679.0,-0.012883642495783677,0.040600514001666616,355.8
43682.0,-0.05765707574867823,0.04081980984915163,340.6
43683.0,-0.06803084223012981,0.040466198028772514,337.2
43684.0,-0.06313644418192503,0.03985958014686993,338.6
43685.0,-0.05079439252336398,0.03889769892736503,342.4
43686.0,-0.06262411347517699,0.03830483880101386,338.4
43689.0,-0.057105882352941,0.03711692898627115,340.0
43690.0,-0.07534730538922155,0.03663998689437677,334.0
43691.0,-0.05552352941176483,0.03584328768350653,340.0
43692.0,-0.08499394673123485,0.036544640949158,330.4
43693.0,-0.09695465686274532,0.03709558235877347,326.4
43696.0,-0.06230403800475087,0.03689738435299848,336.8
43697.0,-0.0721895620875826,0.03688277668409245,333.4
43698.0,-0.07413108839446801,0.03758936650357554,332.6
43699.0,-0.07870694864048344,0.03841636782871748,331.0
43700.0,-0.06776780371035315,0.03871961676564388,334.2
43703.0,-0.09376687116564429,0.039602781177100005,326.0
43704.0,-0.09202942979767026,0.04008942019392568,326.2
43705.0,-0.11523510971786831,0.04138150782050913,319.0
43706.0,-0.10962523422860705,0.042738395789632184,320.2
43707.0,-0.09227216748768446,0.0437476613054515,324.8
43710.0,-0.06981280193236702,0.04403076250687408,331.2
43711.0,-0.07476306196840798,0.04436091534631999,329.2
43712.0,-0.03572098475967138,0.04416559304723586,341.2
43713.0,-0.0337258347978909,0.044137141914957205,341.4
43714.0,-0.02630751310425158,0.044117671995414075,343.4
43717.0,-0.027803738317757124,0.0440179861900624,342.4
43718.0,-0.03303938859494418,0.04392142012879444,340.2
43719.0,-0.014346820809248552,0.04346359360689554,346.0
43720.0,-0.003153978248426128,0.04324085228764476,349.4
43721.0,-0.0013787185354691867,0.043069390062501565,349.6
43724.0,-0.008707443739180695,0.04281839912928121,346.6
43725.0,-0.016076833527357393,0.04282530895873722,343.6
43726.0,-0.016693877551020572,0.042832732001398054,343.0
43727.0,-0.02916666666666668,0.04259165545614152,338.4
43728.0,-0.03003554502369681,0.04232471281559637,337.6
43731.0,-0.03400238237045879,0.04213870231600931,335.8
43732.0,-0.032955899880810664,0.041669888562971186,335.6
43733.0,-0.05379415347137654,0.04115338667238383,328.4
43734.0,-0.03981347773766558,0.0404992948267361,332.4
43735.0,-0.04772313296903487,0.040237272024008106,329.4
43738.0,-0.04353119321623283,0.039648077114716386,330.2
43740.0,-0.05867076923076935,0.039374178744798566,325.0
43741.0,-0.05627306273062734,0.038997633389737704,325.2
43742.0,-0.06264560099132602,0.0381324262705047,322.8
43746.0,-0.05781346510191519,0.036465930928282805,323.8
43747.0,-0.07494028912633582,0.035108034857080764,318.2
43748.0,-0.07175658720200799,0.033319138671893074,318.8
43749.0,-0.0514285714285718,0.03106733553918681,324.8
43752.0,-0.040140158439975905,0.029351025192817216,328.2
43753.0,-0.03793187347931902,0.027242409048282897,328.8
43754.0,-0.031184290030211833,0.026814207672483943,331.0
43755.0,-0.031371601208459776,0.02699128863494112,331.0
43756.0,-0.031589123867069885,0.027076249617359233,331.0
43759.0,-0.051256157635468404,0.027034897099255297,324.8
43760.0,-0.042442002442002774,0.027069915574252652,327.6
43761.0,-0.06706250000000047,0.02711117730680744,320.0
43762.0,-0.07018808777429517,0.027219285575253976,319.0
43763.0,-0.07776373973468136,0.02726183123553524,316.6
43766.0,-0.05952795031055938,0.02727618779513917,322.0
43767.0,-0.07579810725552075,0.027088026713335763,317.0
43768.0,-0.078070841239722,0.026592700411919464,316.2
43769.0,-0.06192019950124716,0.026589816439769518,320.8
43770.0,-0.058563432835820904,0.02645221004376608,321.6
43773.0,-0.03887667887667902,0.026318649921356643,327.6
43774.0,-0.02199399399399403,0.026329583840294483,333.0
43775.0,-0.01905389221556896,0.026556537248892835,334.0
43776.0,-0.020413669064748376,0.026070571705905227,333.6
43777.0,-0.040165036674816613,0.02530532559619221,327.2
43780.0,-0.052941176470588304,0.023356381371376606,323.0
43781.0,-0.029261053906723133,0.02158129029737447,330.2
43782.0,-0.03723885155772775,0.020457850805171932,327.4
43783.0,-0.06076297686053789,0.020256780217792453,319.8
43784.0,-0.05918125000000032,0.019875650797826435,320.0
43787.0,-0.02650909090909105,0.019978030170785883,330.0
43788.0,-0.005900178253119399,0.02058207283572254,336.6
43789.0,-0.008390941597139373,0.020996220561606882,335.6
43790.0,-0.026369156041287298,0.02101548023908229,329.4
43791.0,-0.012643884892086213,0.02136450942684018,333.6
43794.0,0.0035242030696578325,0.02194527208067171,338.8
43795.0,-0.005256257449344148,0.02187573241105775,335.6
43796.0,-0.006579104477611624,0.021701328343199364,335.0
43797.0,0.0027337278106511595,0.022092853352112297,338.0
43798.0,-0.015147679324894203,0.02211363646654157,331.8
43801.0,-0.010762762762762602,0.022255529802196458,333.0
43802.0,-0.016145015105739992,0.022458491684963396,331.0
43803.0,-0.022586731588557073,0.022548310014308483,328.6
43804.0,-0.017260606060605622,0.02275540120829928,330.0
43805.0,0.0005363528009538751,0.02342092142240626,335.6
43808.0,0.0029268292682931322,0.024034360723200445,336.2
43809.0,0.0054453681710217245,0.02477909250438879,336.8
43810.0,0.01532352941176498,0.02577689511894848,340.0
43811.0,0.04099140401146176,0.027886587767885985,349.0
43812.0,0.07299722991689775,0.03142094787209558,361.0
43815.0,0.07025569760978374,0.03427866626336895,359.8
43816.0,0.09878232758620738,0.038312662510149996,371.2
43817.0,0.1139141949152547,0.04272596978951299,377.6
43818.0,0.10913205537806224,0.045853313175796856,375.6
43819.0,0.10799573560767646,0.04852583663253498,375.2
43822.0,0.11392800423504552,0.051490333247207344,377.8
43823.0,0.11101910828025506,0.05411899355271955,376.8
43826.0,0.12655729166666715,0.057174980950789704,384.0
43829.0,0.1235334029227561,0.059841808382671426,383.2
43830.0,0.10481363152289744,0.06155235673100076,375.6
43832.0,0.11968619246861963,0.06361318851146401,382.4
43833.0,0.11990078328981775,0.06519396900304822,383.0
43836.0,0.10585055643879214,0.06627640833317054,377.4
43837.0,0.12352697095435759,0.06725818475397377,385.6
43838.0,0.11416753926701621,0.06765600950269714,382.0
43839.0,0.13081025641025676,0.0681450109915354,390.0
43840.0,0.14775213246362312,0.0694389430156467,398.6
43843.0,0.16239665354330748,0.07054775966495762,406.4
43844.0,0.1481718281718284,0.0707711965463557,400.4
43845.0,0.14309428284854586,0.07104861819420513,398.8
43846.0,0.1439400000000002,0.07121394685387152,400.0
43847.0,0.1401704260651632,0.07157115364471411,399.0
43850.0,0.1318888888888892,0.07192110828602445,396.0
43851.0,0.10647638816813716,0.07171774736272986,385.4
43852.0,0.1174322250639389,0.07157916677735915,391.0
43853.0,0.10337655601659786,0.07063996439648358,385.6
43854.0,0.10226023846552647,0.06916846764537618,385.8
43859.0,0.09481210855949924,0.06816525560343067,383.2
43860.0,0.07379733333333358,0.06669769040854188,375.0
43861.0,0.06797855227882066,0.0642763068053736,373.0
43864.0,0.08413157894736864,0.0617572132731661,380.0
43865.0,0.11316539440203588,0.06050948682272185,393.0
43866.0,0.11008669046404922,0.059697164272017454,392.2
43867.0,0.12594500000000025,0.05893542945040818,400.0
43868.0,0.1297564612326045,0.05750079099402655,402.4
43871.0,0.12456814777833289,0.05627767507128928,400.6
43872.0,0.14109535452322744,0.05570262479462175,409.0
43873.0,0.14370802919708048,0.054753456199045134,411.0
43874.0,0.15306436119116246,0.053776508643031184,416.4
43875.0,0.14847228915662647,0.052833951620797875,415.0
43878.0,0.14986557849255885,0.05102083785485091,416.6
43879.0,0.130641842234199,0.04881401918002903,408.2
43880.0,0.13556635877491505,0.046125965863822636,411.4
43881.0,0.1308000000000001,0.042624490579976596,410.0
43882.0,0.10948129675810485,0.03880218617205003,401.0
43885.0,0.08381659836065583,0.03579296555272674,390.4
43886.0,0.10756972111553796,0.0323432443960395,401.6
43887.0,0.10136636636636644,0.02856593025330285,399.6
43888.0,0.09860721442885766,0.024945056012604352,399.2
